98.7934,21.4182,147.214,38.7006,94.6814,115.095,82.26,75.7598,18.2694,70.1916,113.363,90.6549,107.175,25.5494,74.7062,9.47496,55.1514,130.631,121.065,78.7593,44.4439,34.505,124.022,56.9146,54.8799,106.21,56.8175,111.87,104.548,134.808,95.3794,97.3363,101.549,68.7262,39.6966,98.136,96.0944,103.213,65.3894,98.5665,142.884,115.686,60.8511,52.4226,96.7391,39.2351,127.847,110.876,79.2523,121.987,11.4893,42.2604,86.191,54.9263,8.8476,112.741,74.3223,-7.68551,39.5086,31.4605,31.3768,14.3598,58.888,61.1418,23.781,145.667,63.6432,35.6693,119.591,115.554,44.4764,64.1304,25.1909,15.254,138.098,33.8576,143.797,68.0186,26.0381,109.008,117.336,133.785,48.0005,108.388,124.287,116.801,112.783,45.5127,29.0119,133.222,44.0659,36.7921,142.401,77.5522,69.7409,115.555,31.7233,76.0974,132.909,100.543
98.8069,8.37239,149.585,41.7296,88.834,121.834,95.0085,64.5047,27.2033,79.1695,118.251,84.6183,92.9292,27.871,71.8862,6.24161,67.7874,119.385,141.688,88.0517,38.9103,28.5113,101.151,47.5731,55.5327,108.793,51.5277,110.686,106.788,127.744,98.2398,90.8771,101.29,68.0016,37.6989,99.4654,83.4238,110.139,66.845,101.214,127.366,117.597,64.4951,54.2313,100.799,39.4665,126.422,97.4672,79.4431,123.315,32.7534,46.9725,91.8224,57.5144,11.1545,98.0472,100.036,12.3714,27.3712,2.23131,31.7949,20.1649,58.0626,55.6495,24.9878,151.185,64.3143,28.7546,117.038,131.016,46.0209,62.6485,28.0856,17.1686,148.99,36.3646,137.169,84.4526,30.9894,107.179,117.518,131.428,43.8838,108.856,109.318,118.055,114.737,42.8314,33.2865,134.519,42.2128,33.0046,123.621,85.3479,64.796,115.902,20.2596,74.317,136.505,100.604
98.0037,6.07258,145.935,40.9705,88.9689,119.552,65.3104,57.4088,36.7697,83.9363,110.785,90.1352,100.855,22.0412,81.0752,6.7465,58.3694,129.911,125.318,88.188,38.6083,37.2743,108.361,52.9358,56.0127,104.492,57.0239,110.41,107.1,128.038,96.2836,86.1945,102.143,57.5749,36.6815,91.4663,98.7658,97.2494,67.2087,100.692,131.086,114.819,67.3233,49.8939,104.255,28.2393,129.948,98.2783,74.5269,122.373,1.96376,29.5707,88.073,52.967,7.48998,97.6056,81.8773,-2.48015,34.8939,17.5846,25.3194,10.9829,58.1277,33.8699,18.2488,148.523,64.9411,27.5268,112.924,150.978,44.3623,58.6703,28.1726,18.4205,142.227,34.3346,133.466,75.8639,16.7668,110.525,114.702,129.581,27.1308,114.163,110.455,122.406,120.129,45.3537,29.4707,133.476,62.3188,30.4037,135.081,84.903,56.8868,112.225,15.9553,74.7066,140.737,98.7781
102.019,8.29637,142.905,38.9928,91.526,115.004,87.6785,56.4075,35.6695,75.5003,112.221,89.4751,102.49,24.2302,80.8749,7.14219,68.0798,122.405,137.313,75.7103,47.5203,31.8896,90.4092,42.9215,64.8585,115.93,54.6842,111.288,106.51,147.628,91.8867,84.1055,100.733,57.1923,35.437,106.579,98.2135,101.994,70.8876,100.74,144.787,115.112,56.7207,50.1255,108.796,28.0731,147.82,92.2193,87.4155,126.814,4.51887,44.5652,88.1668,53.1642,9.06956,94.7905,84.8842,5.62632,27.9628,21.9117,26.8178,4.88592,63.6123,30.6899,21.4385,145.167,63.1896,28.6578,119.939,140.862,43.4336,65.7093,27.025,15.7842,141.984,32.9625,137.69,85.1193,35.404,108.829,116.507,139.381,14.0161,96.5826,102.382,124.307,108.345,49.561,28.8503,133.737,41.0443,38.5527,118.085,85.8611,53.9509,116.605,26.2784,72.0636,127.743,99.9213
101.566,17.8076,140.574,37.1361,85.2792,120.366,95.4099,46.5108,28.2368,78.9701,113.337,88.6236,103.684,28.3064,75.4261,8.21254,58.2344,117.027,133.027,85.7395,61.4929,33.652,107.453,47.7255,58.39,103.878,53.6245,116.528,104.653,129.67,96.4437,100.257,105.346,48.866,39.7755,102.278,88.0673,111.316,68.7577,101.661,132.357,112.403,70.0229,52.8221,96.4009,39.2821,140.98,101.272,84.9485,127.601,-6.67232,47.2546,90.6866,53.2146,7.15675,95.7595,88.6375,5.6869,25.0762,20.44,27.1585,28.3506,58.7089,40.2928,18.4003,147.06,65.7138,18.7635,119.003,127.587,58.055,58.3369,26.9022,20.4784,137.897,42.6165,136.643,78.2184,14.1962,108.946,114.755,131.155,22.875,97.7146,115.972,135.501,120.42,50.5944,30.0545,131.566,46.7813,37.6794,137.091,87.3974,58.757,108.617,25.5158,74.1034,147.005,100.905
99.7696,9.04248,144.209,43.5816,78.1177,120.405,79.4523,58.0084,39.7618,73.4562,115.965,87.2967,117.673,27.5993,92.7546,7.02803,57.9837,107.946,135.886,76.4341,52.6088,34.0719,102.226,49.595,57.364,101.523,54.578,113.868,105.197,128.16,97.673,97.1736,104.789,72.8165,40.4288,106.677,85.3435,99.7121,68.9233,105.173,142.056,112.322,76.6378,52.0117,109.111,30.9329,136.55,100.01,77.2222,122.715,27.4001,44.9705,97.1926,55.0031,7.14846,99.5593,93.745,-5.02882,31.4718,12.2911,30.1355,29.6056,60.771,50.209,18.3864,141.128,64.7705,13.2119,117.839,143.5,53.426,64.4653,26.8578,18.1178,143.429,44.0777,138.77,80.4247,34.6304,109.45,117.601,142.021,29.665,87.7354,121.253,119.367,120.882,49.946,28.726,136.236,51.4368,38.6116,137.549,78.8231,56.6926,107.693,17.3749,72.2798,123.649,100.493
99.1583,15.6227,142.923,42.2771,84.8164,115.208,91.2949,55.7982,49.1196,80.8012,116.713,87.4024,105.165,29.8454,74.4832,6.03605,65.0141,113.664,142.45,78.528,57.7551,31.0532,102.153,45.5624,62.5232,115.766,53.7531,109.247,109.293,124.008,100.874,89.6565,100.701,51.5669,34.3154,97.0704,90.2248,99.1792,67.6935,97.224,160.365,114.739,71.9593,48.9171,86.9672,44.0424,136.009,102.048,81.797,129.003,3.12853,38.5121,99.9864,54.8117,5.86481,94.7946,88.836,2.23086,17.7866,13.2927,33.0613,5.40981,57.5932,33.5319,24.6347,144.746,65.5288,25.3639,114.452,132.904,49.5902,57.2671,28.705,14.8928,143.195,36.3493,132.336,75.766,11.1626,107.967,115.987,130.228,44.6291,89.7261,111.163,126.467,120.319,50.4653,28.399,127.968,47.5059,35.7614,126.998,84.2704,74.8965,109.942,14.2751,77.4636,139.737,101.871
99.9899,11.4845,143.621,35.6535,85.7405,112.208,80.206,58.9037,30.4323,73.2768,112.478,85.2625,99.9588,28.9833,63.5812,8.11689,58.9344,116.554,139.9,68.9634,36.984,33.2399,102.361,61.8272,58.1898,109.686,53.2476,114.44,106.502,130.923,97.4136,87.0039,103.35,58.0557,38.3598,107.927,85.6683,103.2,68.9247,97.7845,137.534,114.622,68.0105,51.9062,100.931,29.6556,142.777,99.9987,73.1521,120.515,-2.95795,51.1069,90.8749,58.4053,9.59925,104.865,87.1595,15.4361,39.6913,7.06857,23.7642,10.742,57.1384,61.5795,19.2392,148.715,64.343,14.0642,121.746,123.014,47.9406,63.0658,29.7173,9.98759,137.811,41.8844,150.17,83.3554,23.0204,108.549,116.382,146.64,20.3206,94.4427,110.17,122.271,127.318,50.9454,33.4866,133.614,43.6929,34.5332,124.876,92.0546,52.5846,111.157,21.7179,78.4248,145.889,98.1846
100.342,6.55416,138.18,37.7036,95.5552,117.096,87.6315,43.9307,23.8157,72.6582,110.969,88.9124,96.2572,28.3291,75.9099,6.30119,66.3816,116.445,134.801,79.1083,42.5355,32.4729,111.031,56.1556,52.8037,107.668,55.9347,111.882,106.829,133.109,89.4055,86.352,102.316,50.002,37.0337,96.0601,99.9903,97.088,66.9007,101.204,137.761,112.627,74.6702,57.0024,96.6455,42.7461,144.161,110.391,81.8937,115.357,10.3506,27.3692,96.0866,54.6645,6.36404,102.623,87.1218,-5.95567,30.002,22.6355,25.4187,18.8088,58.7616,55.7089,19.1634,149.637,65.6268,17.5941,110.978,123.897,53.0741,58.6227,26.952,20.7347,138.533,38.4811,122.423,75.7964,31.4908,108.888,117.024,123.961,35.3147,100.635,120.619,114.41,102.552,46.5706,29.4288,134.045,52.4178,37.2938,139.629,89.517,51.2872,113.814,22.6756,72.9739,145.44,98.8581
100.263,12.5748,143.676,39.0312,86.5602,119.411,92.4896,75.7947,38.8681,78.8728,111.834,89.6236,113.939,26.3997,84.3007,7.10895,58.9608,94.2146,149.963,88.8919,56.9499,33.4038,104.412,48.6209,62.3689,107.075,54.9817,112.169,105.138,139.147,99.9977,77.4085,103.453,64.7801,42.8941,94.9423,92.7253,101.845,69.3658,98.1842,146.356,110.972,73.6683,51.0952,102.302,41.0389,122.453,101.274,74.8177,120.619,28.4746,31.1884,98.9289,55.8842,9.0689,101.74,83.1956,19.7544,13.3481,13.5615,40.3243,12.569,59.0118,41.525,19.9773,146.678,63.7479,23.9449,116.716,127.868,70.5901,62.6259,27.2977,21.805,141.147,33.8112,146.423,70.5961,16.1179,106.458,118.486,121.994,29.2588,123.609,102.419,111.855,122.371,48.615,33.5674,133.145,58.489,31.3876,145.453,84.0862,60.0872,111.236,8.90934,73.2474,126.403,100.331
100.3,14.6013,146.87,38.5084,82.164,125.785,76.2456,70.3635,14.4523,83.4664,113.662,91.4753,96.528,25.8427,65.5085,6.90422,57.2899,103.489,143.838,89.2788,48.5004,28.6848,107.397,31.4771,53.8303,104.276,52.652,112.281,105.728,139.061,102.1,87.3392,103.946,42.0299,40.283,105.559,79.862,108.559,71.4136,99.3185,155.428,121.228,68.0181,54.2549,96.9984,43.2167,134.801,106.127,78.4891,128.337,-1.19876,37.1007,84.9933,50.6321,7.96844,97.9179,81.6634,12.3758,34.0827,17.5237,26.9889,12.2888,58.8486,36.322,24.9275,141.127,66.5251,25.7747,117.272,148.998,54.3306,59.2501,28.9441,23.6873,139.654,38.5981,150.508,74.4881,23.8125,110.185,116.718,136.91,30.4766,103.697,109.171,124.379,113.03,52.2698,34.9172,130.662,39.1673,36.6412,116.29,89.1354,52.5471,113.629,23.2133,76.3273,144.323,101.81
99.9305,11.9837,142.357,40.4035,84.881,113.926,68.1442,65.7803,43.3214,71.3465,114.903,89.2635,98.9519,21.9097,71.0105,9.0658,62.0928,103.042,136.381,75.7372,50.3351,33.8447,116.863,47.6721,61.0216,107.435,53.4612,112.727,106.77,130.932,96.5667,95.3503,104.313,49.3747,36.9102,96.1156,105.219,103.524,69.6243,102.627,145.809,114.279,67.8185,52.3038,99.3726,35.329,137.049,105.418,82.0054,130.384,15.8033,40.9391,80.0354,56.318,6.94698,98.5602,96.5491,-1.00721,21.2846,29.8856,22.9209,17.2371,62.5563,43.2182,22.8479,149.517,64.2498,28.4247,114.131,129.679,52.5186,66.8234,31.4903,19.7539,145.976,44.5164,130.29,81.6249,36.4256,108.276,117.736,123.366,32.4414,108.504,101.492,120.229,110.698,44.5077,33.8924,131.749,53.5702,35.5934,116.865,73.2748,73.45,110.248,15.3155,71.9715,130.8,101.053
102.552,15.5953,143.288,38.9265,93.7695,116.156,84.1202,53.5786,25.9876,84.141,113.785,90.3136,102.221,25.5541,57.3038,6.09915,63.0656,123.866,150.77,81.6409,37.6737,32.2329,104.756,56.3572,73.2051,111.982,53.1077,110.924,106.863,145.946,99.3929,80.0766,102.085,63.1089,33.9334,87.0281,91.3825,101.171,66.4989,100.033,160.418,116.419,70.615,53.8244,96.1498,37.4154,116.36,114.005,75.8834,118.594,18.6604,34.7722,80.9262,57.3278,5.35252,106.11,68.9443,-2.51869,46.4322,18.5429,33.162,-0.0469276,55.1137,35.4972,23.5651,148.535,66.3469,26.1256,118.438,136.448,46.2107,61.0007,28.6903,12.9565,141.158,36.6164,147.564,74.9161,17.2696,106.2,117.035,129.066,14.1356,88.1198,107.466,111.38,125.803,47.9668,29.7627,134.077,60.1723,29.3926,125.513,81.2506,72.813,113.858,10.4386,78.7117,128.269,100.18
99.4407,12.1478,148.222,40.1854,90.5981,120.065,80.3101,66.5891,33.2047,84.0634,117.432,92.0166,95.7131,27.2074,68.7004,8.69044,58.8331,113.169,130.796,86.8499,38.6962,33.9982,112.123,49.9336,67.3902,102.456,57.0008,113.362,107.884,133.074,97.3694,100.862,104.634,45.0742,35.2163,81.3403,99.4428,99.8012,68.2937,103.503,155.907,115.653,69.3361,51.7435,102.939,44.9456,126.602,98.1424,75.0843,134.483,0.662939,46.3137,91.5002,52.0736,4.24587,96.276,102.176,-0.145108,24.2125,29.7436,35.1958,2.03271,61.9155,36.6875,23.1572,149.833,61.8373,25.4642,120.9,129.602,55.505,57.7781,28.4576,25.5567,139.795,37.1481,143.549,84.1283,22.8414,106.939,115.628,138.157,41.9771,106.893,125.273,126.898,123.887,41.6835,30.9489,134.33,58.7062,36.2503,139.129,84.6263,69.1557,112.267,18.3547,74.3856,133.443,100.131
99.7069,9.73591,142.444,38.0508,81.6403,122.728,71.9249,78.5332,38.189,72.2199,114.926,86.4578,92.6518,23.9836,77.0699,8.8453,65.3661,135.767,130.292,93.1728,35.8979,36.0084,105.647,56.1384,55.2549,112.907,57.3723,112.292,107.507,136.089,100.115,93.0329,99.4291,62.0247,39.0555,90.5045,94.1507,105.172,67.4714,103.311,144.844,117.105,81.4811,52.7558,107.15,49.2987,150.51,104.554,89.0764,133.525,6.01967,42.9998,91.1104,54.9031,13.185,97.8281,87.9394,-3.6303,35.9547,25.4601,34.6676,-0.44484,58.3279,26.9316,23.1088,145.289,65.613,23.4759,117.529,136.97,43.8243,65.6701,30.1748,25.0354,145.454,31.5643,141.088,87.7295,23.5815,108.497,115.751,135.052,38.061,92.9253,117.422,118.851,109.466,50.3352,31.6556,134.161,36.8463,34.467,110.846,89.2053,50.5804,113.245,15.2156,75.3968,143.916,99.2756
100.905,16.238,143.225,36.9509,86.1867,117.278,80.0077,68.2533,41.0286,78.6743,110.964,86.7184,103.617,26.0409,85.4927,6.09155,63.2533,120.56,146.278,91.4855,39.4046,35.0316,104.83,37.1317,61.0781,105.949,54.4341,113.254,108.045,129.884,103.503,92.2137,103.994,55.6689,33.8448,91.9651,105.024,113.56,68.7114,100.465,146.73,120.185,77.8486,44.7668,96.5073,50.1597,140.431,106.031,75.7065,122.184,11.913,51.6231,89.949,56.8064,12.3821,103.99,79.8925,5.41312,35.5609,12.9485,24.0246,6.8966,60.2098,54.9916,22.607,147.204,64.4952,29.639,112.058,132.589,46.5897,59.1851,26.7901,20.3467,140.665,48.5779,135.055,76.9669,25.8411,107.778,115.422,143.062,32.9708,109.812,122.859,129.821,110.902,55.4433,29.9923,134.597,59.4875,33.2559,136.402,91.0838,75.9985,113.168,28.6191,74.0899,134.554,101.506
102.241,15.9273,143.481,38.5181,84.1933,118.464,82.7094,69.8941,16.9302,80.9511,115.867,88.8501,113.816,20.515,66.4604,10.6036,71.326,141.98,129.733,75.7856,41.7226,36.8025,120.009,63.6212,56.4813,113.004,53.9955,111.404,106.195,143.779,96.7835,91.4433,104.168,59.4565,39.4829,99.8269,75.6287,107.664,64.8566,99.3259,144.207,113.789,78.4366,52.4769,99.5014,28.759,144.474,108.604,73.5279,116.021,8.47088,43.8924,101.532,53.6863,8.38739,97.9044,86.4572,-5.70039,35.7884,11.2446,29.7065,-4.58735,61.5712,29.6767,23.0591,143.115,65.7053,24.2679,114.798,126.984,39.4533,63.0139,27.1867,14.8424,140.464,47.6331,134.401,87.2976,22.117,107.027,115.919,137.508,35.1484,109.047,108.457,127.64,123.137,48.0987,33.9242,132.836,43.5136,34.3799,126.012,88.056,52.2538,110.795,12.4247,72.7417,142.813,98.7509
101.776,12.0036,146.157,37.516,84.8787,121.468,83.3276,59.7916,42.1145,63.6759,112.203,88.4304,105.531,29.4188,94.6992,6.80472,60.2336,116.406,122.587,89.6829,57.7998,35.3126,112.751,55.2404,62.2524,106.584,56.6884,114.055,105.265,137.498,97.4059,88.1834,99.3602,59.4789,36.2456,89.3733,101.439,107.069,65.3708,100.802,136.621,114.24,65.6572,50.0061,96.2408,33.656,111.574,109.061,81.7391,120.081,-6.90168,51.4158,86.295,54.9645,10.9833,100.421,83.0129,1.76352,20.402,14.9725,30.3699,9.48274,57.6571,50.5405,28.3696,145.365,66.7803,41.1678,120.816,122.551,67.6237,61.3828,26.6927,19.5424,145.862,37.7759,140.627,76.0825,23.534,110.125,115.189,133.043,37.9609,113.024,98.9831,127.719,115.43,51.2938,34.3888,134.043,38.4469,33.3583,135.386,82.4221,60.4134,108.182,22.3939,76.6198,139.725,99.9583
100.611,17.9198,139.346,39.0709,85.6246,122.795,91.18,60.1807,43.1134,71.5612,114.774,88.4593,102.378,24.2164,74.1309,7.81782,62.699,103.74,136.435,84.1,32.3158,35.1256,113.899,53.6403,54.4996,103.925,56.2261,110.915,106.674,131.798,100.186,98.9527,102.908,61.1622,40.4806,106.818,86.0354,107.926,70.065,101.659,140.516,118.553,84.3749,57.1897,99.2795,26.6826,126.064,105.21,81.1489,130.432,9.87694,35.3428,83.1688,55.9024,7.98656,90.6903,100.362,-8.57554,19.2295,8.57974,30.126,12.5575,59.3135,46.9216,30.0164,147.688,65.3831,19.8523,112.969,124.674,71.372,63.059,29.5898,19.2246,140.665,42.957,151.254,83.6029,4.49466,107.783,115.769,123.932,37.3023,113.754,103.451,109.182,113.397,49.2623,31.4364,136.063,58.0438,34.3089,127.32,86.5854,59.8293,112.071,15.5838,72.9032,137.642,100.846
100.489,16.7149,143.831,42.867,88.8567,122.744,88.3479,61.7436,30.2309,72.5112,113.606,88.1345,101.082,32.715,81.4561,5.3147,68.7695,109.641,128.451,92.6742,40.8727,31.4419,121.762,42.7164,66.618,105.931,51.4154,111.072,105.037,143.226,100.121,86.9917,103.477,45.8916,35.6847,89.9998,84.4045,107.411,71.059,100.313,148.428,116.633,72.2529,57.2585,97.0262,27.5427,130.758,91.4586,77.8115,125.763,21.0708,49.1938,82.6691,56.0166,10.3181,96.815,88.9083,4.93613,45.3244,10.8061,28.2298,24.8126,62.5524,43.3803,19.9076,149.093,66.4284,32.286,121.788,118.966,69.7761,67.1926,29.6922,20.4069,139.442,38.2487,134.678,87.8993,17.4802,105.585,116.761,136.283,33.0709,96.768,112.591,123.452,124.815,60.1367,29.9175,129.945,41.8986,27.9737,136.271,82.468,70.9611,111.594,20.0671,75.7953,129.304,101.843
102.066,9.10367,147.424,40.1027,92.3193,118.785,87.1078,60.7372,14.6469,69.28,116.102,88.1812,106.513,23.2864,68.7392,9.00481,63.9797,102.539,128.472,73.7403,42.0142,30.8532,113.718,62.5158,53.0815,108.421,51.4778,114.402,107.067,126.485,95.1448,85.7966,101.725,78.0227,36.2249,108.246,86.4498,105.772,68.362,101.791,152.768,114.529,68.1111,52.4801,103.425,36.2754,129.036,108.554,83.8746,122.542,4.33288,34.4902,85.089,52.7984,11.7181,96.8715,76.5044,1.57896,26.2089,10.6906,27.3486,11.1338,63.3916,50.0244,19.4664,149.451,65.9751,27.3469,116.795,123.427,38.6778,58.9491,28.5084,24.2966,144.233,37.8591,143.516,76.5843,24.3156,107.006,116.485,124.772,39.1173,110.463,116.189,132.883,116.073,59.175,31.4157,130.096,51.997,42.5335,130.925,80.4653,65.8926,112.784,14.3848,78.3036,136.166,98.7412
100.945,10.9355,144.065,38.5119,82.8926,114.397,90.5261,62.8206,60.0624,76.8585,111.233,85.387,100.469,35.0055,89.6236,6.2554,58.4176,106.851,133.057,91.9306,61.4128,34.0474,106.19,55.8404,55.1467,101.315,53.4821,110.58,107.063,138.275,94.3874,85.5394,103.522,68.8763,34.5208,97.1538,87.5818,110.815,70.5625,101.719,145.461,115.683,64.5134,51.476,99.0885,28.3363,126.61,97.5601,77.2369,131.161,19.5158,50.2818,90.7812,57.3465,9.50879,79.709,84.6213,-0.785341,35.9404,18.5448,32.3018,7.91408,58.883,52.9976,23.2899,146.614,65.1255,28.205,116.496,127.55,63.6021,56.0151,29.597,23.5168,141.757,47.2112,144.028,74.995,36.1726,108.374,114.891,135.411,37.1208,106.544,112.551,116.402,107.327,57.0551,27.5047,133.167,48.5233,34,135.339,77.0724,59.2841,110.543,30.5621,73.1336,144.861,99.2809
99.9445,11.1113,141.114,38.7077,88.6401,119.397,81.1086,45.3886,21.5816,80.7747,109.722,86.8882,107.139,29.7282,75.4758,8.2544,66.3028,111.036,118.745,90.2547,38.5955,31.0686,105.188,55.0808,62.3031,110.641,54.3031,112.254,106.778,127.757,87.2424,90.5836,103.906,63.1871,37.4366,112.904,94.9049,103.515,63.3253,98.9054,135.484,116.439,68.1902,48.7553,101.052,22.8963,129.725,95.6649,74.3066,123.04,29.1014,48.9416,83.5001,56.4966,2.31225,90.4196,104.85,-1.52919,26.0845,19.1999,24.6728,11.1074,58.2886,63.9828,21.7833,151.256,67.0763,33.3353,119.008,125.574,53.2112,60.8069,28.8883,22.2123,139.373,30.3581,129.86,83.4771,21.8018,109.508,117.722,133.96,34.3397,108.149,112.146,105.939,117.098,53.8092,25.7268,131.083,31.9224,34.4594,129.985,83.6448,60.547,111.232,25.1548,74.9958,125.919,101.394
98.2318,6.2436,142.942,39.0058,88.6844,122.253,81.7494,69.9122,33.2635,76.0529,109.351,87.0179,117.838,22.5473,74.0917,7.33047,62.7876,118.862,126.431,80.6229,56.1133,32.3621,113.302,59.2687,58.386,105.224,51.8744,112.282,106.594,141.584,98.1818,73.6462,104.094,54.936,36.4705,96.0579,87.3003,98.2133,66.9805,101.99,140.63,113.483,67.9843,52.4397,98.1199,52.9078,152.169,107.12,77.0502,119.806,7.47834,47.6236,90.0937,57.2757,4.66921,97.0969,87.9591,3.79871,21.3174,1.21972,36.2521,9.89135,60.2857,33.7918,21.1813,148.016,63.1027,23.3834,121.375,130.915,61.1583,62.2251,27.6672,9.1923,135.22,41.4463,142.811,79.3969,33.5089,109.169,117.528,133.546,38.4579,98.2522,111.685,110.736,118.928,61.7797,31.7616,131.592,60.2632,40.8655,144.558,86.0153,56.8424,113.759,21.4622,74.3866,123.032,99.2871
99.22,19.5276,141.983,39.8781,91.1745,118.673,85.0271,59.4955,20.5296,68.9882,120.398,87.2566,103.146,21.8215,70.2782,7.27629,67.9899,129.908,138.837,86.3766,38.809,35.4306,113.428,43.1306,52.2009,109.516,53.5145,111.055,105.981,140.223,96.2968,105.857,99.8536,66.4751,33.1294,96.7995,91.5145,98.2573,65.9972,102.414,142.326,119.405,64.7982,53.3026,105.927,37.8226,138.389,93.9609,75.4804,131.537,-2.8254,43.7605,81.8075,55.5536,8.23519,103.828,85.2293,5.76109,26.0482,15.8881,24.6097,14.9264,61.144,37.9415,21.248,154.205,67.1159,22.1949,115.828,131.873,51.0493,61.449,28.3966,23.1745,146.74,37.657,128.284,81.2771,23.7659,109.043,116.005,130.34,38.3567,114.925,117.55,114.906,134.753,49.5725,29.2001,129.258,46.3782,28.2933,134.883,83.7613,79.8893,111.858,2.52001,72.1136,131.006,101.167
99.298,9.58283,145.337,39.393,86.3116,121.566,83.8094,47.1784,40.8531,75.9691,113.451,88.7165,100.965,25.7982,72.741,8.13982,62.503,136.158,131.632,94.7884,32.2378,29.0831,104.308,62.3708,71.0655,103.888,55.5776,114.371,106.154,133.114,92.777,85.7954,100.595,43.062,35.4475,94.5606,96.0562,107.413,66.1238,100.188,137.982,114.038,74.3681,45.7557,102.66,40.034,133.254,99.0936,81.7919,127.73,-6.05189,45.613,90.6852,53.0817,9.35978,99.2551,82.8392,9.90898,28.6371,10.2044,21.8589,18.0268,58.697,40.0066,23.4153,150.565,63.3958,25.6518,119.045,133.176,43.9195,61.8886,31.0676,23.4885,141.564,38.0268,147.799,76.9092,24.0405,105.994,117.143,125.139,25.3475,99.0981,116.485,114.1,117.222,57.5971,28.355,132.441,41.2755,37.8621,140.013,89.5072,56.8699,116.973,29.5659,70.4332,136.682,101.306
99.221,5.62813,143.628,38.0524,87.4634,118.979,84.3214,63.6972,32.4025,71.352,110.775,86.5634,111.269,27.7568,83.2833,7.36512,61.145,130.258,140.596,84.541,29.2428,32.1857,109.338,32.5579,54.305,110.889,52.8542,108.011,104.793,139.949,94.7986,99.2257,104.406,68.2652,33.1709,104.015,98.5813,105.459,68.3768,102.595,150.032,114.386,71.7516,47.9076,97.6464,28.1144,134.13,102.994,72.7212,123.232,1.37965,52.0756,89.1515,56.4113,8.67356,98.3945,94.0094,4.96405,42.1459,19.0327,26.7407,16.3577,56.9081,50.0106,21.4401,145.057,65.1163,15.837,118.298,136.565,51.5506,59.7122,28.0859,19.7636,141.839,42.6941,122.915,76.4991,29.4897,107.978,115.967,136.147,33.8728,103.91,111.751,111.888,119.992,61.4205,31.2478,132.016,47.9959,28.0843,125.821,79.9339,41.1492,112.772,32.6712,75.0951,133.395,101.985
99.9499,11.5179,142.443,40.7776,82.1472,114.015,86.7187,68.5179,37.8648,81.866,114.029,85.9767,97.5556,28.444,67.49,7.17899,68.3359,110.568,148.888,91.476,33.2509,34.7804,105.258,52.8144,53.2254,99.787,53.7887,112.985,107.233,137.169,95.104,102.012,102.91,46.081,34.6223,103.304,103.074,102.658,64.6508,101.148,140.666,114.074,67.9737,49.326,98.0896,36.9931,138.316,104.922,83.6412,122.877,-1.96442,47.0819,91.6514,55.5209,11.8747,98.965,104.204,-5.10266,28.2201,14.9736,32.7418,10.2892,60.7731,45.2984,16.3547,153.344,62.8571,29.5205,113.282,125.427,31.9391,63.464,27.4759,23.6995,137.162,36.8454,125.728,73.0283,9.33568,110.361,115.608,132.481,32.2464,116.85,120.055,116.834,122.368,52.9266,31.0245,133.766,45.0379,29.3666,139.788,86.4738,71.6322,113.818,28.7192,75.9873,134.693,101.306
101.795,19.892,142.115,39.4197,90.5813,120.589,77.738,78.0877,40.5662,68.4289,119.666,88.6783,96.9126,24.6631,92.2668,8.44516,63.5993,131.961,141.138,73.6503,51.9631,32.7718,104.217,48.138,58.671,105.07,54.0808,113.538,106.722,131.312,103.306,89.4211,103.608,50.6542,41.9574,96.9074,104.291,107.26,67.2501,102.051,142.208,118.473,79.4487,56.4525,93.4278,38.2755,129.891,89.8346,75.6971,118.181,4.7729,34.3033,91.9753,53.4041,6.60456,97.5829,94.7513,-7.56243,24.5838,14.9019,35.0825,3.17554,54.258,51.2109,30.3093,154.495,64.1497,29.5626,121.047,126.274,38.1257,60.8839,28.3939,29.6394,140.65,26.9345,137.667,88.0985,32.2201,106.126,117.096,138.859,15.5307,110.891,112.84,133.269,116.376,50.5182,31.4224,133.733,44.8721,33.3767,138.212,81.2446,71.425,110.122,10.9683,75.6283,141.839,98.9069
98.939,14.9671,145.348,40.8108,84.7923,118.584,74.0641,57.9702,24.2202,76.653,115.067,88.6292,101.309,24.6609,62.4485,9.17236,62.3476,136.023,139.726,80.7891,24.8211,31.9713,119.195,44.1935,62.4407,107.834,53.2735,114.179,106.132,138.115,90.4468,102.491,100.306,52.9384,37.4879,99.0748,92.8513,113.061,66.2924,102.336,154.477,120.616,72.8249,59.5562,101.895,37.2063,122.967,102.504,75.9166,126.937,14.717,44.676,85.8759,52.589,7.72154,104.42,91.7613,11.501,17.6123,14.0764,24.7517,12.9889,58.3676,43.8069,25.7069,151.897,64.3917,25.6734,117.925,136.231,61.4973,53.5583,26.1679,19.635,141.009,41.9533,138.463,77.9457,37.5152,107.917,116.75,129.499,41.5077,105.399,112.609,124.103,110.363,49.785,32.8891,129.319,37.7776,33.831,127.21,78.0015,50.3024,109.6,23.8555,74.7355,128.082,102.656
101.07,7.75902,139.675,37.05,84.4072,108.842,84.1527,67.792,42.5872,70.6653,109.729,87.811,105.03,24.3558,99.0312,5.66401,62.6308,106.955,130.149,85.7881,42.3655,31.0821,109.728,47.0379,62.5606,108.822,55.5414,115.088,106.963,139.507,97.1044,98.2079,100.158,61.9585,37.0321,93.9273,81.8989,104.063,70.6959,105.027,133.621,117.501,68.5638,51.2489,101.933,31.7325,140.73,96.8569,85.161,124.632,14.4377,47.9192,76.8605,57.0835,6.85601,100.148,79.9024,7.66831,27.0856,9.31752,25.9497,11.2258,52.8749,42.2392,18.5838,145.933,62.2403,36.5064,117.141,131.68,53.1164,53.4778,29.1972,13.2795,141.378,32.9808,135.555,82.8411,36.153,106.917,116.096,131.117,17.4471,109.189,121.567,133.639,120.594,50.2653,31.7991,136.564,56.3146,30.076,141.567,82.8566,56.3813,112.645,18.1671,79.4326,127.5,102.558
100.137,-2.32804,143.161,37.9504,90.9558,119.176,78.5972,73.6479,38.1529,73.421,113.328,90.6154,110.763,30.2846,75.9042,9.75877,64.0544,114.617,130.017,72.7472,28.1493,32.6635,91.3624,54.1975,63.7524,107.607,55.6468,112.596,105.632,130.424,94.9964,78.1562,101.978,60.9802,35.6806,98.6025,110.618,107.531,70.8339,102.238,152.317,111.615,72.3888,59.2903,103.301,31.5641,153.271,104.043,77.6564,126.798,1.75341,58.697,86.9352,52.635,4.12411,99.5209,81.0709,6.81458,43.4493,19.2835,34.894,5.28794,61.4995,44.2746,20.4711,155.09,66.1061,32.4864,121.939,134.341,49.2577,58.125,30.1717,28.7247,141.824,33.3227,130.509,75.0107,15.4533,109.756,117.984,143.543,43.5955,117.175,117.831,119.784,105.349,56.2222,28.0257,132.134,49.879,36.7696,134.28,93.8965,61.0928,111.215,23.5768,76.2995,125.467,100.858
100.41,14.7845,143.267,40.2944,91.7762,111.683,82.1559,90.7937,42.8744,77.2017,118.028,87.344,107.685,21.9413,70.2338,7.70176,65.9234,116.791,142.824,99.368,54.0635,30.6711,106.141,42.6855,63.2512,107.599,53.129,112.848,106.18,125.939,93.0393,97.4134,102.285,67.1707,40.651,98.9267,106.587,107.374,68.4566,105.115,157.522,117.166,74.7182,47.1958,101.331,42.5341,149.177,110.084,77.4266,124.287,11.3597,37.4295,77.4118,56.1643,10.1406,89.7953,79.682,-1.76045,29.332,6.05106,29.6802,7.3636,58.2713,53.4899,20.5302,147.403,66.0561,23.2724,116.761,140.214,47.7202,67.7958,30.7247,27.1052,136.334,32.0326,131.952,74.4498,33.7531,106.559,114.433,131.612,32.9979,105.868,103.9,118.976,117.808,48.9232,32.7563,129.756,47.387,32.3923,121.248,72.2282,61.9977,115.189,16.6953,74.9221,134.911,102.652
102.032,18.0501,145.624,41.2273,87.9659,111.258,83.5512,63.7059,36.7014,77.8132,113.798,86.9737,100.477,23.1043,67.2919,7.42126,58.2629,125.934,130.02,89.4649,32.1334,31.6481,123.802,49.4408,58.9375,111.787,54.3846,113.653,106.734,136.169,94.0073,91.8109,99.5603,66.3304,36.1487,96.4124,108.953,100.629,65.3242,101.478,156.859,117.402,59.9479,52.494,107.303,45.3799,150.7,111.519,74.1015,125.687,13.753,46.5045,78.0522,54.8544,10.324,98.9085,102.002,-0.677967,37.016,22.9249,16.7428,6.90538,60.7564,51.4027,20.7597,143.271,66.7412,31.3757,118.55,135.465,61.0029,57.1757,27.8913,23.5746,136.509,20.0209,135.783,76.7533,13.0386,107.402,114.791,131.543,39.4922,92.0134,107.996,130.681,113.26,51.3638,30.2436,134.163,50.375,32.5662,133.354,82.0679,87.7394,115.023,9.07827,75.2992,122.808,99.4856
99.5042,11.1051,145.388,42.3834,88.6613,127.158,89.8375,69.1943,39.2608,74.9579,116.7,89.2452,98.2908,23.1844,74.7157,6.83386,64.7481,115.318,138.524,77.7709,51.8461,35.7767,107.534,59.9853,54.3004,96.9672,54.3774,114.078,108.117,133.081,101.822,91.0459,100.597,66.5918,34.5004,94.9209,90.4063,103.656,65.1236,101.517,133.295,114.222,75.0201,54.1104,99.9876,48.8729,134.074,104.019,74.4415,123.222,-5.01926,59.1733,85.2194,53.2667,7.24386,103.294,89.8764,0.238959,24.5448,21.0007,23.2444,3.6723,59.6883,35.8516,30.1182,152.521,63.3513,27.1981,121.212,148.316,48.732,58.0126,27.7977,16.8709,138.526,35.4933,138.364,88.5079,19.6952,107.252,115.737,125.444,39.3008,108.453,111.447,124.951,114.987,51.7457,31.5269,135.295,45.3712,28.7415,115.094,95.7151,74.7907,115.682,18.0402,75.8094,135.809,103.265
100.498,3.48993,141.988,37.2922,83.9513,119.837,81.3572,59.9368,46.3011,82.9462,115.949,89.9289,105.589,27.5508,72.6315,6.9,60.5927,126.118,139.551,76.0279,39.7091,32.6548,121.614,71.4853,68.2398,106.002,57.5294,110.589,109.03,131.173,95.8807,83.8712,100.658,61.6208,37.9956,108.319,93.0807,102.346,69.3604,98.5355,147.497,115.606,69.2992,48.5315,113.308,27.5597,144.047,107.225,79.5807,135.332,5.05836,49.3292,77.5735,54.9295,11.052,114.48,88.9002,17.2014,22.4949,14.8573,33.9121,11.9629,60.5045,32.1001,21.1747,150.282,66.3314,26.2893,119.429,128.086,49.1412,59.1741,30.717,25.8654,142.209,47.7558,140.749,83.7869,37.5674,108.265,117.293,125.053,18.7624,114.584,115.958,126.458,116.565,48.6445,30.9613,134.029,50.894,35.3249,124.408,88.8796,65.2069,109.601,22.7712,70.5225,134.136,99.8833
100.147,7.02118,143.875,42.4161,85.1577,125.67,92.8138,64.2102,30.9098,73.6408,118.844,87.5414,94.1478,26.6929,79.0303,4.36206,66.8829,119.838,135.698,81.0707,41.8875,36.1877,111.291,65.445,59.899,108.697,54.1168,110.624,106.149,136.401,95.7637,87.4786,100.442,59.2054,35.709,95.7935,84.9099,104.925,70.7645,97.3453,142.626,113.472,83.1081,51.7097,95.0856,41.5904,126.924,96.0766,78.2148,114.838,11.8484,39.7088,85.7025,51.4559,10.2618,98.2955,93.3074,10.9931,35.0141,22.3645,30.8373,14.4149,60.2944,51.3079,25.1867,143.538,66.1729,20.6859,117.562,120.766,32.2973,63.4392,28.0203,15.7643,141.453,51.9278,140.4,76.5452,38.1068,108.824,117.186,130.121,24.9411,84.979,112.621,112.356,105.683,54.5261,31.2585,132.175,37.3145,31.788,130.065,82.916,59.1515,112.483,23.297,72.0128,139.555,98.7982
99.002,16.5019,144.239,39.3204,91.5437,129.951,81.4309,55.6677,31.2879,80.7706,112.72,87.5769,105.803,21.7404,60.7265,9.26609,65.1873,129.12,152.345,76.9096,43.3184,35.9695,110.286,51.8889,64.8275,103.942,55.895,116.29,103.725,138.619,97.6463,89.6842,103.135,41.4051,38.6402,94.2926,86.6701,105.109,67.235,97.7554,144.512,116.702,70.6404,61.4854,98.0588,39.9146,137.492,105.952,76.5703,123.091,2.0149,49.0994,84.5568,55.37,11.6361,95.628,82.5538,-2.96326,27.576,1.95391,28.9529,9.47799,57.6763,47.8172,18.5528,148.058,66.4635,29.9557,118.222,119.705,62.1106,61.9443,29.4413,34.202,137.605,39.795,139.862,79.9845,36.7548,108.404,115.393,142.286,38.7422,102.948,117.475,136.631,129.614,52.471,33.5001,135.018,45.1217,35.7384,133.139,83.6331,58.6999,109.808,36.732,74.9759,121.431,100.275
99.5871,8.7424,144.719,43.3509,91.8782,121.337,78.6508,71.3745,36.8728,87.0028,111.229,89.3791,110.167,23.113,82.9981,6.99027,66.9123,140.577,139.577,97.706,29.5629,33.206,102.342,48.7255,64.2472,105.721,57.4977,110.822,106.544,124.125,94.5264,96.0191,104.744,62.8305,36.0137,86.2073,97.8299,109.775,69.7764,98.1092,147.459,111.692,79.9537,50.0466,93.0821,41.4093,137.208,89.6637,81.3649,126.21,32.5539,49.6394,88.8458,54.0329,7.26534,95.5849,100.769,20.0182,17.9644,9.22919,28.8864,10.5224,56.9638,39.8427,21.8342,147.02,64.8286,18.0216,119.323,117.275,50.5453,59.0251,31.7683,28.6789,144.371,34.5458,140.297,80.4906,31.7522,107.664,116.907,132.989,46.1663,112.523,99.3916,126.855,119.428,60.974,33.6049,131.805,37.5174,30.5726,135.181,85.4809,69.9528,114.467,33.3015,70.7359,128.059,99.6368
100.425,12.1331,142.455,38.7139,94.3533,126.697,81.584,69.0174,32.2215,87.7851,115.791,89.6777,103.482,26.8697,75.1616,7.92032,66.2487,123.896,139.412,97.7481,37.8228,32.0245,114.658,51.4723,59.9564,110.614,54.0218,112.7,107.152,136.316,98.5137,86.6468,100.908,56.1583,40.3158,95.8874,88.1578,107.507,69.2314,103.29,120.911,113.173,66.5161,50.4182,94.8274,31.9629,122.171,103.667,77.221,114.994,-1.82366,34.7335,95.7254,54.2866,10.4123,97.1744,102.237,0.2498,16.0767,29.0874,23.2427,8.98493,61.8861,43.3506,27.6771,146.626,63.0368,23.5474,121.097,152.246,53.198,61.2663,26.4246,19.7865,143.96,35.1979,149.871,71.2052,25.3142,110.207,115.986,139.633,14.8029,107.037,107.501,137.759,118.726,48.8373,29.3846,133.112,54.1948,37.2105,135.56,89.3338,56.9303,109.76,4.19642,75.2686,136.522,100.045
100.212,9.06496,147.439,39.548,89.4253,116.691,77.2162,80.3091,31.5632,75.5187,113.551,87.8647,95.9056,33.1873,81.894,6.52615,65.1996,135.834,125.055,89.373,34.392,32.8732,104.732,38.2233,61.981,107.024,55.9441,112.544,106.733,129.627,93.6907,83.3919,105.284,61.0052,34.3633,101.791,93.6495,96.188,65.7356,103.898,124.084,114.604,59.1828,45.8614,102.135,26.543,129.722,100.531,78.8838,132.865,21.8516,55.2512,90.1412,56.0024,10.0565,91.8063,96.4271,4.18048,31.1728,5.27628,32.3694,16.2414,60.9195,55.1856,18.2014,141.893,66.1031,21.0177,116.646,148.298,58.2897,61.6395,28.9352,18.7296,139.696,35.6615,138.441,86.8141,16.8049,108.082,116.53,139.163,27.0405,99.298,114.715,112.154,112.801,50.2422,27.5419,131.672,58.0891,36.7565,126.237,84.8627,51.0264,111.132,29.2854,76.8354,135.906,102.371
100.622,11.9809,142.08,41.8271,94.3118,126.391,90.2001,51.044,50.671,76.7094,113.968,88.3609,96.5526,25.0867,79.6205,8.02521,63.7927,140.111,120.805,73.9561,38.4564,38.563,118.236,48.9432,60.3988,104.711,53.6018,114.012,107.45,153.7,99.436,110.167,103.134,53.4865,38.1287,95.1983,82.0493,108.073,67.1458,103.88,130.688,117.162,62.0317,51.5097,102.477,35.0252,127.994,103.606,83.4834,126.118,15.5318,44.8994,94.3542,56.1851,9.58163,101.063,104.921,5.92412,37.1844,14.7123,33.3902,4.20941,61.6246,46.7303,23.4266,146.778,64.5892,32.1197,118.211,125.27,61.4848,60.8203,29.044,15.7832,140.222,25.2943,135.763,84.514,19.553,108.199,114.663,132.248,34.756,116.92,108.371,124.606,121.612,46.2721,30.5694,136.969,59.6231,42.2163,117.025,87.8562,61.4864,113.776,19.7532,77.3553,145.635,100.889
98.8621,13.8228,143.239,41.1615,84.1796,120.672,81.0213,74.6539,24.0605,74.0884,116.047,90.2846,102.806,26.0409,72.6276,7.50521,63.3687,108.117,132.06,91.145,27.7646,31.5924,108.832,48.0048,65.1352,108.87,53.7973,111.142,106.239,130.877,93.8499,92.5434,104.05,69.9066,36.7089,99.0164,89.271,103.137,71.1208,102.083,168.792,110.554,53.9837,50.1213,91.7739,48.1539,112.419,113.023,79.5833,122.037,22.2513,31.8582,76.3265,52.1235,12.131,96.077,95.1392,-7.35351,35.3247,11.3193,34.9767,10.6289,56.3066,48.4066,19.3239,150.129,67.2502,14.5864,120.872,140.505,64.8777,59.8484,25.9834,23.8344,135.689,34.5581,147.712,81.6203,31.1622,108.933,115.202,136.29,26.8198,95.3015,123.823,118.894,118.702,49.3342,30.2406,131.649,59.005,30.9839,115.618,77.1614,61.1966,111.81,18.3502,73.9249,152.06,102.274
99.8729,14.7089,145.689,41.3792,86.25,128.166,78.0315,62.7567,24.159,77.8171,115.633,87.306,114.658,23.0446,83.8341,7.08852,61.4387,123.479,124.796,77.3845,32.1219,32.102,118.691,53.4257,59.9422,107.396,56.1918,108.513,105.108,123.19,93.4043,84.8222,103.06,29.5822,36.2213,93.8899,107.701,110.218,67.4642,106.276,149.186,120.511,79.0157,54.9114,97.5859,33.7737,137.235,104.7,84.342,129.505,19.8929,53.4965,85.7699,53.4995,5.79245,97.3382,95.168,-3.7943,41.4846,19.1943,32.5543,3.6102,60.2753,47.5888,19.2152,148.215,67.3378,28.9043,119.579,126.909,60.8399,59.082,28.3078,32.0058,139.139,49.7059,148.616,74.27,18.9191,108.001,115.637,138.437,35.8784,109.506,108.789,106.43,119.805,43.9321,32.0428,132.178,48.1778,32.2695,130.831,85.9585,62.4285,112.35,16.7764,72.1092,124.186,101.028
100.037,6.86842,140.806,39.639,94.2194,120.775,81.8379,62.0584,19.8732,83.1347,118.998,89.3112,97.0885,31.6481,71.6857,6.76951,64.24,105.069,129.964,88.7497,39.1281,29.4022,110.022,53.7128,59.9599,111.117,54.0633,115.615,105.07,145.066,91.7818,99.0206,102.482,65.3521,38.7505,85.771,79.739,100.916,66.9896,98.4398,142.909,113.661,69.3133,51.6311,97.7012,30.0841,145.304,103.817,80.629,131.649,-4.73694,32.582,82.5362,54.1168,7.93071,89.3224,85.2538,-0.103768,21.6025,3.66612,25.4921,12.3458,63.2855,49.6764,19.0651,145.779,67.0368,39.6863,118.127,130.067,48.9572,65.01,30.4617,19.9054,142.26,35.5028,134.106,79.8363,16.8193,109.194,116.316,130.223,31.4632,100.432,117.376,127.601,118.123,49.1646,34.579,129.713,40.119,34.8904,134.226,82.0616,58.0932,114.812,14.9178,75.1239,129.541,101.945
101.108,12.7624,144.272,35.0301,92.0095,112.424,79.6664,79.8937,39.6494,81.2338,113.713,88.0475,89.2183,21.5385,74.8317,6.40238,63.0511,115.295,138.691,80.5565,27.6281,35.0706,126.687,57.2638,57.6794,111.945,54.8342,108.194,104.806,133.153,100.865,95.0629,100.893,52.8728,35.1527,92.1709,82.3139,101.426,69.958,104.541,151.869,115.546,68.3101,53.7197,94.7306,30.77,121.908,100.85,89.5989,119.157,6.90262,46.9356,96.3727,55.0596,6.8912,98.3169,88.2599,11.6389,29.3849,21.6078,29.2759,1.52472,60.2868,40.8549,18.2448,145.649,66.8061,23.463,118.597,132.602,54.4634,61.3225,30.7113,23.0666,136.288,27.8873,137.527,84.861,23.3375,111.078,116.472,127.177,27.3912,104.048,118.892,125.164,108.009,53.2452,30.1601,133.319,49.7045,37.2538,134.271,87.0354,83.4097,114.822,15.1042,75.5284,133.989,99.8716
100.121,14.0112,141.881,40.6486,88.2591,117.163,85.9739,47.7594,41.0535,72.4073,115.56,87.6823,94.3956,31.1946,71.3895,4.94667,58.6506,125.815,133.77,91.0661,48.7833,36.2264,109.18,61.1946,59.4544,106.269,56.8483,110.719,105.801,144.779,99.946,80.4277,104.667,65.9534,35.5788,82.4041,90.7793,104.129,67.7067,97.0293,145.667,113.797,74.9116,53.6925,97.4521,38.2475,149.713,102.518,78.3464,128.016,26.6009,45.7902,87.0017,54.5413,7.93054,104.995,93.1757,-8.29556,26.3168,20.7524,27.2576,2.88213,60.987,43.015,24.4231,145.5,63.8266,23.935,116.117,127.61,38.8457,61.1437,27.9094,27.1229,147.395,31.9722,141.327,82.1625,23.6778,108.614,116.832,138.576,32.3566,99.5651,103.385,127.007,124.32,51.3418,31.6611,130.485,48.7237,31.7929,125.919,80.6199,61.2541,113.591,18.0062,72.6286,137.317,100.229
100.905,18.553,145.051,41.8416,86.1537,120.911,81.5765,62.6364,39.38,78.2685,115.849,88.8485,102.194,27.9316,58.8413,7.4336,69.4662,120.192,144.812,98.072,33.1925,31.0144,98.4272,59.223,58.1556,109.158,52.7811,115.198,106.096,132.33,95.5133,76.0949,103.555,53.8701,37.3544,100.109,97.3845,108.861,68.6287,98.1301,151.808,112.175,70.1467,53.5197,105.121,37.2646,141.864,120.668,83.7252,125.581,-0.27835,40.3101,88.0857,55.1818,13.2295,99.78,99.2195,6.2564,21.0481,12.3544,22.596,16.2732,61.0915,48.3727,23.3797,147.726,66.646,23.6128,112.12,141.158,29.9923,64.5991,27.4661,26.7741,139.786,32.4164,132.63,76.6189,16.0278,105.878,116.171,132.854,34.2212,105.305,117.187,116.615,111.745,52.1763,29.2692,135.895,39.7553,25.1841,124.198,87.5315,67.211,111.364,21.2876,75.0905,142.904,99.8034
99.6776,11.5286,143.611,42.366,81.4697,122.477,83.7526,57.9644,33.1468,79.0583,112.894,90.7441,112.469,19.3917,83.0846,5.60971,58.4563,119.354,141.602,87.5854,51.5613,31.6029,110.189,61.061,59.7225,106.038,54.216,110.267,105.344,131.337,97.0517,94.5713,104.147,62.9158,39.5769,98.7317,88.7489,101.713,69.4157,101.072,134.524,115.278,79.7316,60.9348,96.8077,35.1891,148.321,104.402,79.2296,128.499,1.0472,42.4424,91.9031,52.8597,12.8396,100.655,87.274,10.7562,21.9337,12.2493,34.3802,5.28991,61.7932,36.4929,27.3003,151.562,65.507,26.5353,115.418,135.473,49.9988,60.4835,25.8054,23.82,136.009,44.3313,147.61,85.0876,23.4931,109.196,116.08,128.129,39.2628,102.793,110.25,124.404,111.836,55.4327,30.4959,133.654,54.7289,39.6454,140.453,83.9689,51.7197,109.25,11.5861,71.344,138.934,100.992
100.539,10.1228,145.746,43.1669,84.2945,122.47,90.4268,63.9608,29.6122,81.013,115.731,87.5923,100.261,26.7241,72.254,6.77822,60.8984,128.902,137.883,88.4058,39.8906,33.7562,112.991,43.8706,63.1365,101.242,58.3192,108.893,106.816,130.357,91.7595,82.6182,103.238,55.5488,36.5204,98.0197,102.885,105.062,70.0185,98.8749,138.684,116.217,79.3878,51.0228,93.6385,40.1128,140.447,99.7573,78.2902,120.742,9.43186,54.1602,79.4868,58.7563,9.58449,98.9312,96.6521,-6.87436,19.6525,27.8534,28.7058,7.05983,58.9299,45.4125,25.975,152.286,65.3495,20.3264,116.85,142.78,67.1399,71.9804,25.6366,26.6089,140.046,32.824,122.294,94.8173,19.2764,106.409,116.443,122.995,50.4472,99.4155,114.649,101.962,122.141,48.4588,28.4744,130.971,57.5243,38.7035,129.768,88.8763,62.5703,113.262,19.0799,77.63,135.458,99.1199
139.332,36.4981,13.9945,34.4168,113.66,112.235,132.853,123.168,136.619,130.042,97.4754,126.456,149.865,142.838,154.101,67.9299,106.459,108.175,31.5304,114.85,5.37459,79.7672,20.348,30.2396,110.3,5.39343,63.8731,120.476,149.935,49.3088,141.556,1.52548,89.8806,119.956,81.06,104.876,70.2848,14.0863,108.69,31.5752,49.0674,74.1394,138.512,26.9075,53.5502,21.0113,36.5368,49.2262,56.4794,68.6736,33.3588,110.934,-1.17048,46.8923,64.7281,35.9335,69.7086,41.492,127.925,9.64406,153.26,98.477,10.3094,48.7787,45.9638,121.896,124.86,122.996,11.5741,75.9859,86.5013,46.1912,97.8773,7.42918,88.3663,135.128,95.9973,59.3787,106.508,114.554,26.8604,26.4903,37.1315,65.3558,94.4198,108.95,61.8909,92.5055,152.992,52.3147,43.9488,17.5737,108.193,113.372,24.5805,80.1891,98.883,138.221,55.2871,55.8481
131.549,40.4179,19.4802,32.5541,112.227,107.275,126.719,117.147,133.817,129.286,98.6262,125.021,144.235,131.536,147.533,70.3205,118.319,116.79,35.498,111.482,3.30465,87.0197,21.6473,30.3316,110.575,-0.740719,65.5195,118.644,151.917,50.9232,154.886,0.441037,103.692,128.166,70.5933,118.179,69.0538,9.36692,114.484,24.6756,48.6754,79.9154,144.92,3.81114,39.148,8.32877,43.2375,36.1444,58.952,68.3142,11.0891,119.182,25.0623,47.1885,70.121,36.2673,68.764,37.0235,134.593,20.1929,153.002,96.6305,12.216,48.4286,49.3669,123.01,111.009,126.935,11.9261,68.6621,85.1127,40.201,110.664,5.46215,100.043,127.432,93.2842,56.6374,92.7409,108.533,26.0492,36.8025,38.9872,64.0956,89.165,120.104,70.5075,90.1895,137.273,47.6496,32.0063,5.45001,109.413,102.266,25.7244,73.6999,82.854,139.309,44.9717,47.7795
139.014,36.8789,26.6661,31.9192,113.559,103.385,119.481,104.618,134.291,130.961,97.9276,139.033,144.253,128.358,156.4,67.227,111.885,104.565,30.6189,114.71,12.9834,74.7522,16.6355,35.3096,110.956,3.22797,65.5242,118.442,152.494,37.7147,146.88,3.8024,100.998,118.141,53.805,112.56,72.9893,3.8626,112.954,30.8106,48.2528,92.77,140.718,27.3296,56.1506,17.2021,44.4876,33.5155,54.44,69.7273,22.3476,122.768,16.8482,48.0328,81.4776,38.7976,69.5765,41.3407,132.898,16.8375,144.693,96.1023,-2.35146,48.6436,54.9628,135.325,132.481,122.677,9.67837,57.4707,79.6494,26.1293,99.5962,16.5475,87.4468,128.095,102.151,47.528,108.722,100.513,24.4773,31.0537,34.7188,53.2095,94.6892,117.648,66.9052,97.0414,144.539,53.1364,46.5177,10.598,102.396,103.479,26.1098,73.1539,88.9356,138.316,50.9384,57.9662
121.048,36.8886,18.074,29.5261,110.818,104.18,130.658,108.4,133.433,136.153,103.305,136.737,145.143,144.101,153.697,69.4536,112.986,92.068,44.6651,122.927,7.22375,89.2574,16.461,34.7856,109.195,4.87778,63.8587,118.546,159.003,44.8299,148.44,2.37407,115.84,133.96,67.3499,105.41,71.5267,11.9492,106.377,26.9751,49.4732,86.5505,145.408,14.1067,42.7653,12.8089,45.3959,45.5656,67.6,73.8048,10.3939,120.324,-1.16453,45.2891,65.3816,42.0051,80.7008,37.7192,139.511,15.4695,155.034,102.895,8.27608,47.8072,44.9746,130.857,120.4,127.316,13.0903,60.232,86.4567,40.5497,102.511,17.8928,96.1952,130.086,104.085,54.7952,102.237,101.53,27.3256,31.1791,33.711,67.3987,85.1059,115.04,64.7097,91.6346,161.971,39.18,42.1826,0.830842,108.742,104.071,27.7615,82.5013,96.6893,147.946,40.0328,42.7555
129.629,36.8132,10.6508,32.1057,113.42,107.303,129.204,89.5919,136.37,121.677,101.2,129.616,145.9,134.033,136.716,74.8303,114.385,104.342,39.8819,124.136,15.1371,95.9,18.7991,34.4492,114.197,1.36011,65.937,117.394,151.53,34.5699,158.555,-0.58475,105.81,134.678,72.1334,115.61,70.4326,2.30605,114.438,23.7849,47.1056,85.8308,144.606,13.3655,55.0125,17.3481,37.5274,24.2021,61.8557,74.5835,21.0742,122.189,15.824,44.7752,51.125,33.7186,73.4683,40.3502,132.423,16.1417,140.172,99.0632,8.41981,46.3129,45.3948,122.904,123.065,124.262,15.42,78.7444,79.6678,31.8341,108.146,5.24906,89.2547,129.242,83.1721,54.6243,99.4389,114.895,23.1329,32.6571,36.8162,68.6892,88.9501,110.517,63.3918,89.125,144.771,55.4915,34.0325,15.8189,103.524,98.3395,24.5453,67.482,97.3363,121.842,50.1888,50.9017
145.387,38.7944,25.0989,33.2807,111.387,96.2957,130.743,110.823,133.789,126.294,97.5462,127.591,145.601,144.329,149.369,69.7495,101.722,101.605,33.5091,113.957,39.1851,83.6344,17.9623,26.7647,103.554,3.93744,64.4545,117.783,148.076,42.337,154.581,-0.904899,105.218,150.701,40.909,117.51,69.3794,4.95247,112.153,21.7199,45.606,94.1083,155.223,11.9212,54.2967,19.0356,42.1434,44.6079,56.2487,73.9415,28.5015,118.75,-3.5264,44.8315,70.5612,36.2171,72.9599,37.7129,121.217,18.8577,145.014,98.5607,8.88994,50.0894,47.7462,128.051,114.55,123.685,15.4777,77.2031,88.1303,24.1677,105.182,9.45029,92.499,125.277,99.4213,56.4699,99.9049,110.655,30.1137,41.0267,34.3345,60.0677,102.918,122.519,64.3114,94.3601,165.401,43.8029,49.6717,20.7557,99.8232,118.245,27.8272,61.5754,88.6053,143.747,39.8068,50.3913
132.839,40.0698,15.3592,33.9387,114.822,83.1609,129.405,107.025,137.214,136.827,101.092,146.327,152.24,142.691,144.255,68.0177,109.101,97.7134,33.3179,112.782,20.9329,77.5665,16.0483,20.5296,101.05,2.80882,62.8486,115.886,144.254,45.1549,153.557,2.70289,101.125,145.04,65.6604,101.154,73.3128,2.03675,108.293,22.5248,47.7485,79.7583,149.48,8.07695,56.0262,21.417,47.2398,38.5948,59.8842,67.4447,7.49733,112.244,23.1812,46.8258,68.3883,37.575,71.9499,40.7069,138.054,21.0619,147.144,100.802,15.191,53.5288,45.5531,123.702,134.709,125.527,10.7279,71.6481,88.6337,48.4193,105.018,12.5689,90.7369,128.671,86.2992,57.8758,98.413,111.718,26.84,27.5347,31.7895,71.2101,77.7239,116.305,67.0144,96.8968,152.738,36.2476,40.0347,0.36935,96.5215,99.9855,26.8006,71.9841,90.8855,145.591,47.6329,50.6972
140.56,37.5698,3.80786,31.7607,113.279,107.574,146.048,129.514,135.627,129.08,91.5821,136.404,152.943,136.871,153.069,70.3072,101.004,96.8591,29.0071,115.123,18.9605,74.9273,17.9867,23.1698,111.846,2.0649,65.2528,117.89,147.764,40.3009,141.521,1.7343,99.3058,131.027,62.6391,118.257,71.6613,14.0371,98.3313,21.9653,48.3794,88.2656,148.854,22.5895,48.9513,18.1118,45.9546,36.7049,58.4895,67.5211,20.2584,122.236,4.44995,44.0209,82.8812,30.6985,72.5685,38.8727,134.237,17.9644,147.686,98.7898,0.777938,48.6438,44.6997,130.91,112.58,127.865,10.7052,70.1078,94.2158,23.1935,102.734,12.4738,86.1261,132.439,77.4034,55.9886,98.7766,106.12,28.9589,31.2081,34.5807,66.8191,110.997,117.344,65.9044,87.5817,143.867,33.5129,44.8926,0.0946848,105.286,118.531,27.7037,62.662,93.4181,127.446,48.6745,54.8224
161.516,36.791,23.6088,28.7913,113.311,97.5247,133.823,117.355,134.619,133.532,100.581,121.744,152.214,147.736,149.465,69.8048,120.196,100.83,41.5303,113.706,22.5564,110.504,16.8264,36.7533,97.8074,2.1196,66.2017,120.016,148.594,50.1702,141.2,2.062,106.649,129.33,66.1992,110.829,68.3029,1.81077,107.37,24.8393,48.6068,77.8177,140.214,29.4669,52.4615,8.91803,36.3851,21.3814,60.9446,68.5985,15.6969,117.335,8.08266,48.6094,67.3494,34.5465,74.0801,38.6972,130.934,22.1236,139.709,97.4779,5.56431,51.0952,41.0817,135.381,111.866,124.28,12.8874,66.0182,89.9368,30.3046,95.2104,12.0954,84.3197,127.2,91.1281,47.3625,102.566,113.923,29.0747,28.5565,34.7906,73.7714,102.14,112.347,59.1886,89.6204,152.586,51.2976,47.5709,-13.4051,95.8496,105.218,25.1304,70.0731,88.1693,129.146,36.9953,61.5357
122.789,34.0913,6.13875,31.4076,113.367,107.148,145.772,106.347,137.095,132.058,107.624,126.794,154.037,141.318,157.863,69.7244,114.556,98.9604,39.3483,125.759,11.2922,78.6851,16.9991,32.0828,101.244,4.8852,67.287,117.753,147.554,41.6733,142.974,0.586241,111.503,128.224,74.3186,106.576,70.9503,3.46889,108.939,26.9291,47.0855,76.0726,143.879,3.41362,52.3166,24.067,38.0624,28.6402,58.56,77.7179,27.1252,120.681,19.3327,47.8697,78.1697,35.5236,66.4433,39.1329,125.58,27.6791,158.183,101.135,3.90316,48.7708,48.5988,117.418,139.172,128.453,7.15902,67.8058,91.0062,30.3727,111.413,8.02434,87.9276,129.317,86.2955,56.8281,111.504,107.007,21.9553,29.6966,36.4013,68.9075,77.8265,111.633,62.2261,95.9862,139.571,54.3021,41.3238,6.67538,116.586,97.507,25.0317,68.8556,91.454,131.025,44.5733,46.4252
139.045,32.5771,21.1681,29.537,113.061,100.195,123.031,119.551,137.91,128.612,95.5749,129.85,152.514,146.734,151.356,70.8108,113.622,105.531,41.3061,120.527,38.5613,84.9363,18.9766,35.2515,115.224,0.59396,65.6831,119.456,152.671,40.4342,151.08,3.30383,84.8496,136.36,63.798,122.164,69.7306,5.6891,107.142,25.9944,47.8099,76.211,147.423,18.9003,58.8309,24.529,35.9273,27.9852,61.0658,70.1739,26.9515,118.977,-5.56773,45.6073,67.6446,34.2686,66.5616,40.5022,137.507,14.4554,138.416,103.932,-1.44391,50.9136,47.0141,118.205,126.213,122.88,9.82376,73.9331,75.3534,20.0469,95.6725,9.7317,82.6391,124.559,85.3411,53.3561,103.821,125.785,23.0742,32.1384,36.9805,65.6368,94.9059,111.346,61.6463,97.9078,147.524,52.7342,48.3332,24.1733,94.022,112.384,27.6316,77.235,92.2136,155.854,41.6956,56.4237
122.796,35.8537,25.504,31.6196,112.938,107.592,138.269,114.128,135.13,133.497,104.681,134.078,148.422,142.006,152.684,73.7527,99.0524,105.525,48.0216,121.448,24.8521,77.6931,18.6002,39.6489,104.934,2.9307,62.6574,117.665,150.105,49.1853,136.217,2.93252,86.7465,133.334,72.1128,109.065,71.7626,8.21451,107.982,22.2305,47.8093,90.3741,140.498,25.9073,47.4552,4.16904,33.8596,29.089,49.7229,74.4524,31.2632,117.147,-2.53341,48.913,54.6572,35.9519,69.2893,42.4169,133.922,18.6184,151.91,102.877,4.66798,52.2329,39.4249,124.544,127.492,124.166,8.08609,66.9997,88.7385,29.8791,105.506,4.38016,99.43,133.623,91.4819,57.616,98.8615,112.944,26.8849,40.7399,33.6692,69.5062,98.9299,109.575,61.7183,99.4746,144.405,42.4088,30.8566,6.61418,95.4884,98.9331,25.8395,75.0995,89.6802,145.61,37.3237,41.5917
149.702,38.7636,15.7966,32.5976,111.637,107.727,131.847,129.602,133.606,130.267,95.7273,133.582,149.158,136.654,146.282,66.3664,105.643,99.0576,41.7226,120.054,28.8751,81.9384,17.7012,29.9197,104.868,2.46613,65.9634,116.142,151.508,40.3159,145.492,-1.18991,87.908,123.368,69.5637,105.832,72.0594,4.70869,109.729,31.3843,48.2018,80.0238,138.815,20.0158,51.7729,24.2956,35.8619,40.0615,55.704,74.2987,22.6089,131.883,5.30734,51.0216,59.8067,32.6512,67.1987,39.0112,128.197,19.6303,156.757,97.448,1.86341,53.1202,42.3643,132.411,103.835,127.689,10.2024,65.6814,88.3443,37.2108,98.1591,9.41311,86.9543,125.721,91.5387,56.4933,101.438,111.807,30.8015,29.8615,38.5109,69.3477,99.1273,114.27,66.8507,83.0836,143.467,33.7116,48.2069,5.84635,96.2215,101.51,25.3945,69.1955,86.4882,145.327,47.9994,61.3699
131.704,34.4743,25.363,29.6823,112.325,108.063,126.401,106.211,136.418,127.408,97.426,123.961,147.668,133.34,142.617,71.7248,116.112,93.3848,29.7522,112.766,32.8151,86.9361,16.7769,34.5683,105.857,3.96504,62.6854,121.512,149.609,38.8765,143.952,1.79719,95.6969,151,84.7543,118.114,72.619,12.5695,114.09,34.579,50.6954,83.1262,152.029,20.6439,47.808,13.1924,45.788,27.1353,67.5594,66.0122,24.2571,119.564,5.86104,46.342,65.7579,46.9752,66.1808,40.1334,124.378,32.8514,162.93,98.9305,-2.75792,49.9545,50.0889,125.648,117.576,125.428,12.3242,86.7833,78.9156,23.886,94.8092,11.6834,92.8247,129.514,82.7371,55.9176,104.991,107.417,36.9483,30.2484,34.559,58.3532,89.7556,108.911,67.9433,92.7005,145.623,40.7466,49.0366,-2.61704,110.377,107.42,26.2791,66.1934,85.7196,113.413,39.6554,48.0445
128.736,43.0031,24.7149,33.5059,115.035,111.319,144.602,118.21,135.68,132.105,106.165,127.982,148.851,136.529,149.132,71.4331,107.931,108.111,40.129,114.288,25.2424,77.7437,13.0097,43.8827,114.359,2.54705,62.583,118.897,150.005,42.2695,142.655,3.4548,112.623,145.214,49.5937,121.23,72.4627,6.43596,113.945,20.8501,47.614,84.8785,147.473,6.12722,61.9151,27.6227,30.0249,37.5021,60.441,67.7157,19.8235,125.283,8.36112,43.5407,78.5804,33.2086,66.4735,40.321,133.011,20.2921,144.355,102.836,-1.85938,53.4948,45.1245,130.312,113.023,120.824,9.41136,64.7745,97.3023,27.3153,111.447,5.17268,88.3395,125.618,88.2305,49.0024,99.2305,114.944,18.6162,28.2214,33.2616,62.8225,80.8658,108.509,65.1715,97.3713,147.785,42.6147,40.2954,24.7573,107.098,111.913,27.7023,65.9103,88.4207,141.14,39.2554,67.4519
135.995,32.593,23.4748,32.3569,113.206,119.725,125.231,107.723,133.627,133.11,96.9143,134.232,150.008,147.784,147.734,69.0517,116.611,115.825,35.4482,120.166,28.7526,83.7904,21.0601,28.5338,115.519,1.62666,61.1416,117.885,141,40.8759,147.349,2.85083,95.8989,160.413,74.0061,103.817,72.9312,7.93546,117.668,26.42,49.2464,76.6462,144.085,-0.80855,45.5776,14.2855,39.7958,40.3818,64.7955,66.6903,37.7474,123.584,16.513,46.2045,81.1789,34.4518,66.6962,38.3735,130.837,10.2857,149.49,100.942,12.1404,47.209,42.9208,133.045,124.793,122.181,16.3647,62.0669,89.4893,20.3603,115.8,12.932,87.6036,129.332,83.6582,49.8898,97.3709,108.719,25.8094,36.0501,37.9562,63.0307,83.6466,112.386,58.0824,87.3624,145.711,51.6,45.8221,0.858699,105.258,115.866,26.943,79.6123,99.3766,148.314,48.0808,52.5658
134.783,36.8912,28.1027,32.5171,114.575,101.924,141.848,110.667,135.977,139.254,100.425,126.217,148.145,136.792,152.841,71.2214,111.828,103.777,36.2552,121.725,12.7566,80.441,17.01,42.2068,110.377,0.890956,61.1918,113.938,148.594,42.1372,140.76,1.61841,108.106,132.615,61.5452,121.378,72.2247,8.4384,107.362,26.8956,46.2781,97.7634,161.6,-0.285951,51.1177,22.3946,42.8586,42.6592,56.9339,76.4677,25.7033,114.836,9.35509,41.054,64.7434,38.8977,71.4508,43.4718,127.858,25.0496,148.945,102.041,8.96305,47.4262,32.1036,137.241,118.501,126.261,12.4636,63.0611,92.9385,11.6972,93.9591,3.32864,88.0977,129.485,77.2125,54.214,101.974,109.153,30.6756,26.8475,33.2204,74.8475,94.9566,116.017,65.0295,93.1546,163.51,47.5863,39.945,2.25432,102.964,99.5251,26.9126,67.0218,93.7075,145.041,46.0253,65.4284
131.608,35.0155,27.7095,33.6682,112.181,103.697,142.887,127.201,137.524,134.085,102.092,129.184,149.377,138.271,151.895,68.6516,116.541,94.0176,27.9228,121.989,20.8396,84.1046,18.9646,34.3971,117.122,-0.627973,65.0395,116.303,143.987,21.3087,151.03,4.24152,116.293,125.647,56.3958,111.185,69.6701,12.5193,109.803,21.2779,46.2102,97.2776,143.397,11.4527,36.7206,14.3229,33.5071,38.24,52.5569,71.2573,19.6788,128.743,12.6229,44.0749,78.1656,39.0149,74.413,39.062,138.156,24.4541,154.14,101.081,7.87568,52.4082,42.1318,112.474,119.911,121.516,12.9424,67.3701,94.6673,22.2131,105.878,10.3188,96.1605,128.564,94.0623,53.2419,108.371,114.468,20.7612,23.9876,36.1887,64.9269,94.2155,117.558,61.4875,93.9676,147.128,42.6387,50.7233,1.88944,98.2784,98.0144,27.0752,77.6395,94.8508,145.416,39.1342,68.2296
142.516,44.073,31.9693,32.6213,115.15,99.8184,123.348,109.873,133.139,133.904,95.8944,131.617,152.585,138.285,156.951,74.43,114.337,97.8879,29.9133,124.425,31.9716,77.1848,17.6404,47.1361,124.49,-0.0777929,60.3832,117.497,146.344,46.779,149.343,0.977914,86.5022,139.638,84.9805,110.41,69.2586,6.86273,116.142,32.3247,47.3084,86.9311,146.879,13.2653,35.1763,19.0002,37.6501,29.9588,63.6405,71.5939,24.8175,113.812,16.1646,46.1554,62.8147,31.8456,71.4091,39.9353,127.294,14.021,133.832,103.382,19.891,48.756,42.291,127.311,110.531,123.903,13.5506,65.2695,94.9288,35.2018,105.76,9.64514,95.0196,130.003,95.0187,52.743,107.623,113.269,23.4426,26.4464,33.8327,57.8251,104.117,111.228,61.1548,100.776,146.807,49.289,43.7733,2.4432,108.323,123.484,24.0134,64.5885,92.1937,147.511,48.6551,58.4729
137.603,36.4921,21.9347,31.106,113.258,105.307,123.791,116.916,134.718,128.801,97.9061,128.118,152.46,144.324,145.176,71.034,121.978,104.427,33.6184,122.39,6.96797,91.074,14.0614,46.6909,110.714,1.79618,62.216,117.281,143.465,44.346,146.174,3.72252,106.008,133.234,76.4302,108.643,72.2995,6.58234,115.404,26.4613,49.7853,93.0149,152.576,1.85323,54.2089,19.1261,39.4832,39.3619,58.1614,71.2694,23.7907,121.559,12.3157,45.3782,70.9035,43.5755,66.1536,40.0846,131.296,4.30318,154.697,96.8003,4.42572,50.0459,44.0021,118.091,124.369,126.026,14.7298,72.8266,92.9656,31.1652,107.967,5.51936,92.233,128.322,105.025,51.6919,100.98,114.15,25.4642,31.2049,34.231,73.3219,111.033,109.292,63.7088,97.8797,117.333,42.1288,43.174,12.9131,96.7982,124.058,28.6905,70.5842,91.1014,130.58,41.2906,54.8915
137.739,35.6652,36.216,32.735,112.108,109.683,134.068,104.419,134.729,130.087,97.6995,139.275,146.824,145.971,147.97,64.1373,103.612,110.185,41.3863,122.539,18.2792,69.0599,15.1425,48.2129,109.331,-0.772865,61.2336,121.56,148.281,36.9561,154.124,1.33672,98.2357,127.807,81.7151,114.111,70.5012,9.69827,107.603,31.6496,46.0625,89.8393,148.48,13.8961,53.203,14.4456,44.2786,35.3142,50.463,74.3504,27.9818,120.481,2.65805,42.7271,76.4792,32.3475,70.0271,40.4105,131.848,12.987,148.809,100.541,4.89056,50.6346,37.8075,126.284,129.79,125.515,9.84095,64.3209,69.9558,45.9772,102.409,12.3075,98.9957,129.193,77.4457,58.23,101.572,113.433,26.6759,30.6258,40.374,78.2945,108.554,107.041,62.3648,93.902,156.553,47.6119,55.2013,-5.4597,95.1968,109.875,25.4519,72.3288,93.9248,142.901,47.3674,62.2518
126.004,40.1685,35.0339,31.3623,112.745,110.402,141.365,111.173,136.592,134.555,95.4537,131.401,147.834,149.976,146.525,70.3375,109.844,94.0299,39.8194,110.049,21.231,74.6775,18.653,31.7022,112.451,-0.254123,63.1564,118.379,153.398,44.2931,146.676,-0.212,112.641,152.968,69.3792,116.783,70.2509,1.84025,107.815,26.1677,47.1412,92.5297,152.375,6.78065,62.067,14.4664,50.2018,38.824,59.5322,69.9757,21.7878,118.835,6.76738,50.54,64.5346,36.585,60.9103,39.3083,132.56,17.475,149.517,102.774,15.8207,46.9008,39.736,127.474,116.759,125.993,12.2879,73.9886,95.5108,35.7857,98.6996,10.8803,88.9514,130.762,78.0242,49.8926,98.8237,112.772,23.5194,29.1241,36.6275,66.9804,87.8691,109.782,61.7813,98.7247,161.46,53.4883,47.4477,5.62602,100.681,110.218,28.43,71.4662,95.2198,162.62,45.6211,55.7276
128.079,38.6276,15.2086,31.9973,112.203,100.649,122.935,115.418,133.548,135.761,96.9691,132.039,149.565,149.243,152.411,74.1126,109.362,96.1085,34.3301,110.158,23.451,95.8042,19.9559,35.8939,106.475,2.95955,64.0725,116.682,150.003,41.1534,142.464,1.33423,108.981,130.336,69.7044,115.323,71.6619,15.0285,108.298,24.7962,48.8394,100.188,142.263,13.6931,53.9719,9.97909,47.9564,45.4202,67.4861,74.4718,22.1277,127.539,19.6125,51.9136,62.6716,34.0442,69.3803,36.3995,125.329,16.2049,156.699,99.3756,3.99128,52.1642,45.1181,123.114,132.944,124.323,10.6409,52.6724,96.2117,41.3622,93.3853,6.33898,88.1444,125.89,89.0055,49.6455,113.03,115.289,28.4048,25.8222,32.9142,73.7668,84.4454,114.775,62.314,94.3827,161.277,52.1065,41.7898,7.39463,93.1496,119.114,28.3185,65.8407,92.9485,140.79,43.5637,40.5888
153.987,33.9195,19.188,32.3243,114.131,99.5223,142.963,122.148,133.599,131.416,103.255,142.669,145.127,150.814,146.551,72.2339,119.341,104.205,26.0472,116.692,22.3622,86.1328,16.2645,33.203,110.681,3.21455,64.3742,121.979,148.737,57.5675,148.601,4.71163,93.9044,145.336,79.6361,115.699,71.296,11.1957,108.135,23.3393,45.8462,98.9196,151.637,6.17315,64.3554,21.3544,28.2733,32.6103,65.4953,63.8091,14.9206,122.4,3.22302,43.5374,73.2177,35.6292,68.004,37.8219,124.765,22.6484,150.638,98.3288,4.02867,49.2518,40.1857,135.192,119.733,124.683,15.864,75.1264,83.1418,21.9235,100.962,13.5083,81.2495,130.975,89.3229,55.5663,99.6202,126.642,20.3178,26.9739,33.0549,65.4968,111.313,120.757,67.2586,86.4795,140.923,41.7522,42.6452,-4.68291,94.8573,111.834,26.9241,74.6921,90.3119,143.915,42.5913,68.5589
123.222,28.7666,21.5138,30.4456,112.363,110.371,130.606,116.552,133.305,122.291,96.8774,136.553,153.324,138.818,140.864,68.3722,121.292,104.011,31.132,123.582,37.8307,65.0242,17.2385,28.4487,100.823,3.15383,62.3815,115.665,146.008,40.5603,148.122,2.27585,103.268,147.162,77.1782,121.588,70.0986,11.8215,113.534,35.897,47.5533,89.4011,163.074,6.98203,48.9436,26.9177,42.9292,46.4024,60.3468,72.385,20.8838,121.477,10.4637,42.4165,68.2268,34.1275,69.5343,40.4541,127.436,18.7427,142.297,103.09,10.7636,48.3687,45.2952,120.045,124.992,123.723,12.7993,71.3469,89.2933,26.7944,109.625,15.9798,88.0544,128.871,85.1967,61.197,93.3412,111.668,26.6041,33.9544,34.8158,61.9255,93.5116,109.244,57.2885,88.937,146.52,51.9035,47.5761,3.37321,104.418,108.075,29.1597,91.6849,89.2287,158.258,45.4513,52.7955
122.806,37.0593,17.1237,32.8619,114.223,102.395,153.905,107.402,133.535,124.104,101.954,127.535,144.389,138.671,152.246,67.469,104.604,104.406,33.0929,112.111,17.4914,97.4118,13.3279,25.7422,111.423,2.13636,63.5222,117.213,151.496,30.2876,154.495,0.17293,100.486,125.619,72.8609,110.775,72.9881,5.58651,110.462,21.2499,49.3309,83.006,150.551,-3.41211,49.5754,15.8855,41.0521,43.9886,53.4082,66.001,7.62949,120.203,8.67348,46.1416,73.4113,35.2189,72.942,37.2941,123.095,8.7908,144.917,97.4177,8.53306,44.1424,48.0575,122.099,116.769,122.804,12.7535,64.6798,88.2902,24.0376,101.797,13.5528,104.028,125.797,87.0197,55.308,97.7377,107.71,26.8883,31.3979,34.5364,68.7883,82.4154,109.976,63.417,100.075,137.707,58.746,46.3213,15.6607,111.702,107.237,27.3041,72.9847,94.039,134.165,42.9803,48.7897
136.076,43.956,14.6717,32.0453,113.639,103.02,126.7,124.024,133.048,133.923,93.5482,135.452,151.12,136.7,147.132,64.4434,117.229,97.1669,21.5897,117.767,13.3453,90.849,18.7036,27.7208,92.7503,-1.73008,63.6809,116.775,150.616,35.8021,144.05,1.86098,100.136,130.668,75.8984,117.808,71.9938,13.3638,109.49,23.9819,49.441,79.221,142.845,11.3403,41.419,22.8275,36.519,34.6268,59.1255,68.6659,17.2549,120.043,2.73193,52.1806,69.192,32.6606,67.26,40.1074,133.482,5.96238,154.582,98.3083,2.20599,46.8903,47.0792,124.85,120.133,126.419,10.2087,71.7901,81.2014,46.112,105.4,6.18954,99.7075,127.312,84.7396,53.2526,91.5114,81.3116,35.1699,28.7302,35.0019,65.6905,99.6239,120.156,63.9588,94.1048,152.29,59.0402,41.268,-1.40297,117.447,84.8268,25.2903,69.9545,90.6123,139.815,48.7399,46.5775
137.268,38.3749,13.8,31.804,111.432,96.1108,123.716,98.9281,134.984,139.389,100.932,132.312,148.316,142.314,147.169,75.678,115.157,97.2182,38.6214,115.219,22.559,96.4335,14.0233,26.1411,106.673,3.07477,65.5323,117.113,144.926,23.5717,140.01,4.95961,101.357,138.109,82.1549,114.373,68.2046,4.69426,109.476,26.1228,47.5569,91.2456,156.002,3.10216,46.4904,8.69294,34.7343,52.9866,60.1282,73.8783,21.4164,128.522,8.3256,44.4652,74.0258,37.9549,63.5967,40.8528,132.917,17.4625,152.446,97.1318,1.9824,53.3658,42.8044,128.851,128.03,123.43,13.2128,59.9492,103.325,36.4049,101.532,3.99325,79.1005,127.404,96.1297,57.3346,104.309,106.549,30.2167,32.6397,38.1161,59.1468,110.717,115.474,66.4791,98.3605,138.223,39.7595,46.1424,8.60599,108.124,106.158,25.4388,69.8359,94.2144,135.564,43.4716,31.622
134.889,37.2015,26.9158,32.9701,113.391,95.6289,119.505,122.077,134.637,125.207,100.453,145.83,141.693,139.153,149.963,74.1337,108.69,83.8765,31.2564,106.965,23.3198,91.0845,18.1516,35.8106,112.892,0.098054,64.3959,116.37,147.521,50.7358,146.858,0.855275,99.5692,142.121,83.1651,117.583,71.1599,13.33,107.779,37.4806,48.1971,96.5785,139.649,31.4122,50.28,4.78901,48.5152,29.712,65.6946,73.7969,33.4804,113.768,5.13004,46.5958,62.3477,38.2987,68.7341,38.3428,126.016,15.7338,148.888,106.569,0.374449,51.9375,41.1305,143.145,117.05,126.31,14.4323,71.6861,98.4645,37.2692,113.45,17.0354,86.8915,128.488,88.2068,50.5165,95.735,103.362,23.9525,26.6806,34.0507,66.5864,99.9586,121.204,66.8359,91.9204,131.936,36.8274,45.9526,0.629633,99.2806,111.778,26.4732,72.4889,89.436,143.97,40.8011,57.2959
133.788,39.062,28.1336,30.8655,113.49,106.553,138.34,120.753,136.367,131.111,100.884,135.119,147.999,142.235,147.163,73.7867,111.864,107.121,35.18,124.04,32.3579,77.9499,15.8784,36.6675,113.061,-1.37783,64.1908,121.993,143.236,50.8285,151.515,2.81397,111.622,144.774,58.6278,119.553,71.3474,12.6894,113.609,28.5083,48.7969,93.4915,149.844,18.1127,54.728,19.4371,47.163,42.6131,68.3768,70.2582,28.7336,114.538,16.2614,45.9224,75.8288,36.6946,71.9526,39.6776,126.013,9.21337,156.308,100.594,9.27281,46.5306,50.9916,127.689,121.839,126.359,16.5117,75.5741,84.613,30.2369,106.525,9.51099,85.9172,128.855,100.807,46.4203,113.32,110.54,28.5544,28.8484,36.2379,73.1845,103.898,127.89,64.0641,95.3868,156.117,41.6016,39.4344,28.4069,97.0854,107.085,25.6604,75.4665,89.8184,131.97,46.7177,45.7014
143.258,34.1414,17.2236,30.0899,112.207,118.018,132.679,120.888,136.481,123.433,92.7165,124.611,150.198,138.576,142.872,64.2626,115.494,103.838,30.9373,110.175,56.5229,84.3723,21.0142,31.0749,103.838,5.13816,63.2802,118.479,150.833,50.4252,150.367,4.58006,110.2,121.408,57.6786,114.848,71.7404,6.05324,103.58,37.0527,45.7799,87.3988,154.08,9.8435,53.6516,22.1957,39.8715,47.2714,56.9225,70.9599,31.1338,127.685,18.4998,45.7043,67.2619,28.6788,70.5067,39.4261,129.921,13.7378,150.386,100.547,-5.14481,51.1414,42.7687,116.576,125.179,125.336,11.5039,83.8299,89.9626,19.6252,108.681,13.2224,94.9528,129.312,87.2953,63.3216,106.508,101.393,27.211,31.8669,37.5847,65.9958,111.586,111.853,62.7797,90.9189,149.49,45.831,30.3848,-3.66489,107.037,110.015,29.5224,64.7112,87.3783,150.975,42.6123,80.0215
127.151,41.1408,29.8145,29.0197,113.48,105.357,127.568,122.295,135.976,134.68,99.0807,137.191,146.4,142.279,147.899,77.7599,113.473,93.6172,36.7938,122.247,27.7234,78.0979,15.1088,31.4271,107.034,-0.131995,64.7258,119.933,152.068,28.7535,141.994,4.07854,112.132,144.164,94.4586,109.475,72.839,13.4116,104.816,30.6342,48.7746,96.4605,156.919,26.8789,51.1883,15.4011,47.7411,31.7782,61.0627,70.0391,25.77,126.997,11.6089,46.0153,55.6771,30.5338,70.5316,41.4224,129.771,9.24634,156.037,98.5466,26.0455,49.1518,40.5513,130.59,133.579,123.4,14.8232,82.5877,107.669,16.6556,93.4767,14.3393,85.7576,127.37,89.7929,57.7758,103.075,99.3273,33.171,24.115,35.2481,68.4546,100.806,112.986,69.1264,87.1563,153.467,42.0717,48.3652,38.6408,94.5823,112.516,26.9538,83.2461,91.2196,126.048,46.3898,35.4526
132.423,38.0709,18.9967,32.2148,112.182,104.38,130.432,105.081,135.89,135.269,95.8344,140.101,144.602,143.918,145.074,69.853,116.237,95.7643,38.5549,129.532,15.9438,103.701,12.1998,30.0764,106.306,0.890167,60.5236,115.068,149.604,39.358,145.415,1.47857,109.968,135.175,56.1313,105.78,72.4472,4.5036,107.327,26.3405,50.8116,85.1882,135.322,16.3723,47.8597,19.7166,37.9331,26.8948,53.5954,73.758,18.7238,118.813,25.5855,40.72,68.9371,32.9397,68.9759,37.0559,127.175,16.9937,152.997,99.927,4.20631,49.6019,41.6733,132.496,130.136,123.868,16.6753,66.296,100.146,22.3271,118.689,20.125,86.4669,128.275,98.0471,56.7647,96.3784,99.8909,26.1472,26.2195,31.7195,70.3338,98.8695,114.671,62.0789,109.038,158.889,46.7747,42.7949,9.68156,99.6174,113.979,28.5555,66.3609,89.9181,122.078,49.3436,68.4315
129.85,39.4568,11.251,28.3815,111.687,101.739,136.152,107.507,134.99,127.475,93.809,126.481,151.718,135.869,146.293,67.079,114.793,100.705,48.449,119.797,12.2017,97.3421,18.4183,41.2643,109.516,4.26542,66.0014,118.65,148.808,48.6444,134.895,2.51341,121.191,129.799,82.0826,118.83,72.5618,8.2033,106.208,15.7386,48.0245,81.0594,148.845,22.7115,44.8019,14.8843,37.1651,31.5961,62.5172,76.5815,13.7257,128.595,14.0715,39.9614,69.5208,36.3798,65.3644,40.675,128.113,3.524,151.218,95.2437,8.04143,50.3311,46.7822,134.755,129.467,123.772,10.0276,70.4486,88.4151,38.8751,109.099,2.42771,90.4693,130.975,102.861,50.7186,107.441,113.155,25.3418,30.6413,37.3444,61.0201,94.3939,125.819,62.5927,92.2727,157.515,33.9243,37.7231,6.11887,82.6255,105.617,27.3901,72.1528,93.7325,161.84,38.9365,50.5564
130.346,37.0857,32.4984,30.4593,113.204,112.294,138.914,117.226,134.43,128.074,91.723,139.473,147.428,135.754,160.403,69.8697,126.09,109.751,45.6355,109.55,25.6259,98.4933,21.2459,33.9789,105.2,1.16793,65.0705,119.076,147.01,23.8934,145.16,1.77643,100.938,147.126,65.182,113.78,71.4241,13.1092,108.48,30.2495,49.7298,100.963,146.461,1.02981,40.0896,32.0649,35.4891,32.1786,54.5485,76.1825,30.591,116.944,19.8615,38.1352,71.2036,33.064,64.0238,42.9742,129.989,0.15195,154.671,101.058,7.34448,45.3349,41.8663,126.577,117.825,123.228,12.4478,69.2444,99.2854,31.9924,103.29,14.9183,86.572,128.362,79.6764,48.4506,100.669,111.907,26.9284,30.0458,34.9562,54.2538,93.2992,119.109,63.8101,98.6576,149.975,58.07,44.6321,-6.01056,94.0396,103.973,26.1618,65.2811,92.3677,118.443,43.9804,56.9707
126.708,30.1853,3.65919,32.6082,114.072,106.911,130.92,110.021,134.441,138.199,96.0115,130.518,148.006,134.566,153.556,72.6652,119.092,94.4262,33.903,110.153,8.01199,92.102,16.8475,20.6967,100.798,2.17406,62.9162,121.275,146.48,43.0316,154.374,2.84766,106.032,114.835,67.7942,116.876,71.5576,14.9467,104.668,28.5179,47.3129,85.6615,150.258,15.6579,33.0862,21.5317,44.8139,26.968,59.4734,72.0564,23.9643,120.248,6.14394,49.1264,66.2781,48.6062,74.452,39.6379,137.644,22.4821,159.342,101.979,8.37379,49.2195,45.85,104.312,121.646,124.669,14.8931,69.8612,77.4109,29.3253,96.9664,9.27276,89.9361,131.427,89.7136,53.4847,98.5529,92.0661,28.9646,31.7111,36.1469,62.5047,97.1997,108.882,64.731,90.616,156.667,48.4896,44.4079,19.2026,96.4143,102.238,26.2945,76.3501,91.3699,134.435,33.0561,42.8014
131.903,36.8639,22.7898,29.9588,112.931,104.35,143.474,119.987,132.397,128.026,94.7454,133.587,153.934,139.337,147.106,71.6449,128.251,89.9986,30.484,110.365,39.899,85.9384,18.5682,41.5143,114.374,3.38366,65.3882,116.154,148.782,26.3041,154.179,0.333426,108.575,126.211,73.1656,112.766,73.303,6.04682,110.768,32.7822,48.9852,89.8801,146.541,22.2624,57.9009,15.9935,35.1008,45.4383,51.6042,68.8269,13.9554,115.387,23.2596,40.8315,67.082,35.1278,68.1757,43.4436,136.966,3.46034,159.951,97.5267,2.49352,57.6191,40.2555,125.602,110.332,124.866,15.2962,79.2777,77.4282,24.008,109.452,10.8062,93.0478,131.015,98.1662,50.5877,105.491,124.137,27.3817,30.2667,36.6717,65.6356,82.5191,116.683,62.037,91.539,159.205,40.0962,42.1163,-3.65088,117.284,96.077,27.1357,79.7552,94.7359,138.078,47.8887,55.5567
143.288,36.2153,26.9621,33.572,115.135,106.384,132.597,115.287,133.34,123.991,100.251,132.276,150.5,154.849,147.575,66.2329,116.963,99.4008,22.1183,111.535,37.9285,91.7767,20.451,46.7779,109.322,2.94399,63.8549,118.788,154.019,37.0089,149.754,0.477401,100.537,123.168,60.4648,116.427,72.0997,-0.630274,109.144,27.2359,47.8064,84.1391,152.036,13.516,51.6438,28.9401,44.9082,20.5365,64.2363,64.9611,21.5248,115.304,4.99917,42.4059,65.6836,34.3478,69.4421,39.4225,141.79,15.8521,143.342,104.762,-1.11722,45.1528,48.3244,128.698,115.573,125.32,12.9874,79.282,88.7087,26.6941,105.772,12.0261,90.2653,128.498,72.9969,58.1572,109.513,109.664,36.314,30.5629,35.3267,83.009,104.569,113.708,64.2927,95.977,144.038,36.2088,46.0066,32.8802,102.337,116.489,27.3611,78.5259,97.6345,142.719,48.7878,45.9451
126.621,30.7348,24.915,33.7483,112.344,101.458,140.053,116.095,135.675,134.843,94.7529,145.553,148.537,135.966,156.255,69.1909,92.0318,97.4974,40.042,115.75,13.8649,83.8322,19.8989,35.3304,109.107,-0.43509,62.0712,117.653,140.851,36.133,158.371,4.63896,84.9338,120.888,83.8546,109.711,72.2526,3.84238,107.532,22.6349,48.893,91.9175,146.374,13.1369,44.8442,20.6357,44.0166,38.9489,62.7458,64.7506,19.6862,136.369,16.4049,43.4276,58.8971,26.4268,65.1994,39.9071,133.789,14.2192,138.259,100.377,2.53525,49.2202,43.8183,119.265,121.722,127.273,13.6314,87.0119,85.6183,34.465,104.797,10.9097,87.8105,126.58,92.6469,49.0791,110.552,105.037,25.7825,26.5278,36.4547,71.4987,111.428,124.926,62.8129,92.7969,152.362,52.4557,43.9586,16.5942,97.0508,110.157,27.4514,66.609,91.0473,155.488,42.6483,44.093
127.692,39.5343,13.9908,29.8497,114.655,103.125,145.55,115.868,137.107,124.884,101.243,126.612,150.269,141.529,157.12,73.2088,109.924,90.3213,37.5998,124.104,20.0151,88.8829,17.5701,47.2318,108.888,7.17721,67.2246,117.126,152.33,37.2618,151.582,3.37669,91.1582,154.371,63.2015,114.965,72.4401,12.0618,110.242,24.4833,47.934,97.8972,150.568,4.65084,53.7489,12.9193,45.3945,39.4452,51.6791,69.739,24.1559,122.164,-8.63304,49.5983,66.4232,33.3274,70.3062,41.3196,132.864,12.4479,156.162,102.082,2.82204,53.4136,47.7564,127.633,125.621,127.055,9.36706,74.8048,100.43,41.0079,107.565,10.201,80.0648,127.049,100.919,48.5973,103.277,95.7533,24.5521,29.8546,34.9997,65.9867,98.8074,119.421,63.5477,96.3751,159.721,41.687,36.2546,5.06318,98.1481,101.839,25.4016,75.354,95.5939,124.511,44.9768,68.3088
145.828,39.7513,12.3217,30.5973,113.869,98.7743,143.059,104.97,133.125,135.371,92.0921,142.187,144.536,140.167,150.797,66.5447,110.547,105.34,25.5993,100.942,14.1357,76.4473,17.8034,32.4337,108.89,-1.40753,67.1784,117.087,153.67,45.1423,143.796,0.730019,88.1148,138.157,68.9412,111.263,71.4154,-0.527451,108.828,29.5815,48.4376,82.5986,145.359,10.0651,55.9988,12.5026,37.0964,29.0698,57.6432,68.7886,18.8397,118.616,14.1051,51.1382,61.6871,36.2735,73.5239,39.0426,136.04,33.0676,146.24,91.4186,6.37203,50.1734,45.8752,125.424,119.462,125.166,11.902,52.6716,97.8107,31.1779,106.741,10.0279,92.3154,128.004,84.3352,50.867,103.886,112.416,23.5598,35.89,38.3415,64.3427,96.1556,120.048,64.4879,100.791,157.805,57.5501,43.3179,17.4905,102.786,85.6326,27.8756,70.7091,92.252,144.888,45.8912,33.7137
138.968,37.9698,18.3276,29.116,112.405,106.6,128.738,125.244,136.505,133.959,100.861,114.398,147.653,147.23,146.167,76.1632,116.19,108.416,45.3002,107.761,19.6955,98.4459,18.5446,45.1171,104.957,4.39635,64.4364,120.656,152.216,29.2682,145.451,2.62874,97.3194,127.95,53.5719,110.251,71.0193,7.9126,106.067,20.7278,48.1411,95.727,154.303,18.1542,45.7174,10.1211,41.3073,47.6083,53.1944,68.5015,28.1322,110.31,15.534,49.7011,64.1817,36.7899,67.8612,37.433,132.931,9.83524,154.882,97.9566,12.2222,50.6086,50.1234,125.86,136.174,124.921,13.6766,69.7644,89.1988,25.6391,125.515,12.8869,86.1735,129.385,91.9618,58.0614,95.0997,95.2831,22.0739,31.4963,35.2488,62.9168,91.8174,118.609,64.8307,94.084,156.982,38.7903,45.8191,-3.94223,97.0495,116.255,23.9297,80.0687,86.209,149.407,46.6594,30.9865
130.239,38.8004,16.8421,31.9001,113.987,94.2979,152.532,112.712,135.926,125.426,102.07,137.451,145.714,145.376,149.784,67.2193,116.016,113.065,29.3502,105.734,46.3838,85.4685,19.2538,21.196,117.653,3.12916,63.4458,118.105,153.314,40.3205,155.418,3.0291,113.897,121.869,60.3408,119.932,73.5627,14.6759,112.304,37.5431,45.8738,74.4866,146.843,7.27758,41.6906,10.7977,34.2101,33.7606,56.7348,71.3455,19.6693,112.91,3.49978,47.6725,86.6909,30.0125,70.4665,39.0553,136.617,19.9797,152.17,100.862,1.02599,50.0275,49.0373,127.853,130.853,124.58,7.57606,71.5628,87.8098,41.0907,104.158,9.8491,83.2985,126.092,92.4211,51.4151,113.07,119.628,25.052,25.7579,36.0601,77.8447,95.1372,113.484,66.7468,95.6982,146.926,42.4488,34.9613,6.84952,108.58,103.92,29.0307,59.5857,93.064,149.614,45.1044,62.2942
135.896,36.4182,44.7053,32.3483,113.043,109.585,120.825,106.138,136.451,121.92,105.119,127.233,153.219,141.398,151.529,69.5445,103.839,116.674,39.9933,128.886,21.7117,74.9277,20.2899,49.3137,110.194,-3.68442,59.5198,118.257,151.667,30.6412,150.486,3.95905,105.629,139.571,80.5491,112.708,71.4595,8.92155,100.915,28.5561,46.8625,85.0861,155.206,-1.94945,42.2963,15.0258,43.592,44.3703,60.6422,77.1345,17.5757,122.342,18.1147,48.3854,73.7163,40.7481,69.8652,40.8093,135.809,33.439,160.718,102.015,6.94221,51.786,48.0449,126.425,139.337,123.874,13.2595,69.8398,100.375,27.0274,103.027,10.5306,101.483,128.205,97.4095,55.3675,97.4782,123.552,30.6824,27.8071,34.5034,59.6019,91.3985,113.965,63.7997,87.4375,133.908,45.9426,40.2854,16.0187,104.975,113.734,28.1347,78.7454,86.8974,161.576,42.7775,58.4579
138.088,26.2502,9.84661,30.3752,112.887,116.431,144.92,109.083,133.673,132.979,101.193,135.134,150.246,147.722,148.538,65.7447,107.742,92.8935,41.031,128.173,23.1456,90.6387,17.2852,38.9133,105.62,2.07382,63.4127,118.595,141.88,20.7762,150.882,5.30583,102.462,124.661,47.6983,110.313,70.8432,10.9736,104.706,31.5099,46.9993,88.3242,149.747,23.2177,46.6288,18.7852,41.1651,42.6065,62.4843,78.4384,22.7394,105.501,4.52723,44.8715,78.7127,37.462,72.5738,39.6393,124.826,21.5715,144.101,99.8374,8.12199,49.7653,34.7383,128.658,118.429,126.212,13.3184,73.0126,84.0441,25.2039,107.475,4.78297,87.4685,131.134,82.2784,48.0609,97.4033,101.034,22.5542,30.3979,35.2555,66.7963,91.1052,112.143,65.9047,103.089,156.385,58.5435,43.3036,10.2959,96.1621,114.533,27.986,70.4815,92.4201,136.546,44.5436,26.598
142.722,39.7284,28.199,29.5328,114.074,103.4,135.268,115.292,134.366,125.742,99.4222,130.595,152.856,138.273,151.966,72.428,113.705,103.747,38.5367,123.503,24.7992,71.1923,16.7194,48.7201,109.437,-0.124616,63.6159,120.176,145.282,30.593,150.978,3.56811,100.435,110.148,61.6354,108.228,72.4271,4.65727,106.246,28.089,47.9042,78.0006,154.868,6.36991,51.2368,5.56158,46.3979,34.2496,57.1912,74.5059,22.7585,121.11,17.5226,48.426,59.7963,37.7196,69.718,40.0247,127.097,14.6066,145.153,102.27,4.12799,53.6035,35.768,121.95,120.543,123.881,18.9164,65.704,89.341,45.1479,109.353,7.00635,87.5822,128.67,78.6422,54.3299,99.3816,110.951,29.8826,25.5859,35.4071,68.8931,98.5491,112.252,69.8879,87.2247,148.729,38.3976,45.2146,18.9884,95.0101,109.152,29.3242,83.9214,92.1647,158.64,37.1329,66.0844
120.402,28.068,24.6694,30.7937,113.334,107.161,127.779,105.737,132.643,133.139,91.589,147.169,147.441,138.738,144.284,64.6685,102.26,91.6921,28.2612,105.847,37.0296,70.6706,13.9685,43.0018,99.0887,0.242702,60.7478,120.327,152.174,34.4162,140.715,0.458704,108.619,129.422,52.1751,109.801,68.9863,8.96308,109.273,23.801,47.9289,83.4296,145.729,7.88778,55.5143,24.5824,40.981,33.5069,58.6538,61.0479,24.9581,122.809,-1.66331,46.4338,75.4099,37.7762,69.9876,39.155,133.631,21.5756,151.283,104.104,6.01489,46.8889,48.7619,129.54,104.418,124.857,14.0267,73.9285,86.725,25.9138,101.889,18.3197,89.0325,126.297,91.5491,42.8345,105.589,116.61,22.1702,39.5681,35.1948,73.3777,85.8974,106.577,64.9799,97.286,162.375,41.3305,48.7003,8.7564,109.039,105.943,28.6194,91.5289,90.4944,141.944,46.6017,37.6238
125.31,42.0951,23.8213,32.3,113.143,103.094,143.772,116.73,134.846,126.697,103.642,133.329,141.813,148.833,135.481,71.4798,110.969,86.8725,35.7846,122.438,35.3536,81.4807,15.3505,32.3354,103.104,1.94,63.8045,119.707,155.836,31.0478,145.355,2.24672,104.639,161.944,63.8973,110.907,73.3879,2.81979,114.179,39.7539,46.9622,89.8645,151.651,9.03938,50.7697,22.9003,43.2017,40.4466,57.0003,69.9345,16.5685,127.35,22.0215,52.6271,65.3559,36.3156,73.6784,39.6466,131.876,17.0209,138.826,94.5931,9.14499,49.5943,48.8066,123.669,116.438,124.397,11.3488,65.0514,92.6321,34.7906,104.292,10.9334,95.4469,130.679,103.435,55.8286,107.194,110.671,18.4822,33.4364,35.2431,57.4778,99.5279,120.273,65.335,101.504,146.911,45.9092,39.6886,10.9775,103.4,109.713,26.2585,71.8699,91.3404,145.318,49.2102,56.4558
132.748,38.5095,34.2856,31.3797,112.209,111.13,153.264,116.393,137.608,125.344,101.848,132.507,148.065,144.002,147.749,69.4337,108.917,107.1,33.6016,110.425,18.7811,82.2542,15.9693,24.0118,106.653,3.66109,62.3249,119.071,153.297,31.9762,148.745,0.806199,102.424,111.625,77.6904,109.709,72.9536,10.0571,110.878,21.7214,48.9859,98.2935,148.463,5.13764,43.7776,21.3451,32.1576,38.3479,53.0962,71.8584,33.1822,113.016,0.501854,37.3384,46.392,33.2161,73.1887,36.4121,132.219,13.8861,146.202,100.27,6.32034,50.6875,32.2348,129.91,126.2,121.275,12.0978,65.7118,85.5866,33.9715,97.9374,10.2272,101.909,127.797,86.0909,52.1357,101.099,103.416,24.6498,37.0489,37.9639,64.3427,92.49,103.157,65.7817,93.3604,151.512,37.6191,45.5656,6.64654,102.283,110.022,27.0422,76.3163,100.365,128.258,49.218,46.0717
138.629,36.9507,30.2461,33.5431,113.149,108.356,131.621,126.819,134.025,131.096,100.909,137.524,144.626,135.388,150.426,69.3084,108.528,106.015,35.4595,121.688,13.088,79.6161,17.5425,44.0783,110.076,-0.233808,63.2629,120.84,149.114,32.8121,160.613,1.16296,106.12,139.963,73.988,102.521,71.2295,10.5811,109.505,20.0287,46.2922,85.2824,144.318,6.66154,49.8397,11.1213,47.2108,46.4386,67.7286,76.5372,10.4548,124.268,2.02386,49.9689,66.8602,36.8768,66.9906,38.9805,130.226,7.90393,169.03,100.066,9.53349,49.0969,39.457,131.578,125.409,125.063,13.8048,66.6507,81.2892,28.0211,107.968,8.6694,95.8971,129.304,92.9502,52.289,112.757,116.278,21.8256,26.158,33.1224,69.1299,105.203,120.296,68.3254,98.3519,154.813,39.6097,37.3417,-10.0844,103.824,97.9298,27.4255,74.9216,83.978,139.073,43.8811,54.9733
